,x,y,z,p,q
0,0.40418472256032,0.0022806856980681,-0.914674536937365,2,6
1,0.478969020852932,-0.0364441310560667,-0.877074969643275,2,7
2,0.553526156770399,-0.0309797147239983,-0.83225540013064,2,8
3,0.403359061011424,-0.0471576817133157,-0.913825815434981,3,5
4,0.329614962095995,-0.0822311250226023,-0.940527521574979,3,4
5,0.458067556538652,-0.127990910347476,-0.879654728012721,3,6
6,0.628518994281841,-0.0183760241009184,-0.777577131585791,2,9
7,0.511287554309335,-0.120230724007729,-0.850958054085486,3,7
8,0.575406130557472,-0.120864639062241,-0.808887831495339,3,8
9,0.309690959508989,-0.18018428375301,-0.933608661852929,4,4
10,0.387792047989384,-0.188362081779208,-0.902295435909992,4,5
11,0.239369567694094,-0.160372233475825,-0.957592270641278,4,3
12,0.687316640801628,-0.0055023305653275,-0.726337084028838,2,10
13,0.457466078612704,-0.200023342081339,-0.866438370307621,4,6
14,0.641951356236587,-0.112821666616088,-0.758399451323625,3,9
15,0.525916274268107,-0.211415587339875,-0.82384192773231,4,7
16,0.733281545737123,0.0057116480228616,-0.679901133811556,2,11
17,0.695849814101193,-0.0986141787856713,-0.711384762247381,3,10
18,0.586753146866683,-0.205696619689778,-0.783204727571434,4,8
19,0.232744925998419,-0.243275187592989,-0.941619340563684,5,3
20,0.297610744314896,-0.263294728541633,-0.917662100552552,5,4
21,0.367717610090305,-0.279825305686962,-0.886837954491503,5,5
22,0.157753038544676,-0.188158376770883,-0.969386612286795,5,2
23,0.648219341809856,-0.195432707382745,-0.73594683353395,4,9
24,0.440964639133162,-0.287825631678984,-0.850121516480294,5,6
25,0.744893453015254,-0.0774991421073015,-0.662667055637779,3,11
26,0.513605395157013,-0.292598818943913,-0.806594959826948,5,7
27,0.780065630690251,0.0379310826861329,-0.62454691159438,2,12
28,0.700554524495007,-0.181601998128047,-0.690104392454848,4,10
29,0.582425836342605,-0.292268993670758,-0.758524212203737,5,8
30,0.181109678941708,-0.301879917583978,-0.935984935537492,6,3
31,0.263401269244716,-0.337136364573092,-0.903857755978623,6,4
32,0.342934031061215,-0.358735658757365,-0.86816183829746,6,5
33,0.085476008940853,-0.262256857770232,-0.961205073045304,6,2
34,0.788147733665633,-0.0480405625363339,-0.613608388362577,3,12
35,0.64218805851063,-0.276279653089615,-0.715027307726795,5,9
36,0.74468504906688,-0.164328839172863,-0.646869546595261,4,11
37,0.418456865665368,-0.370717554328356,-0.829133491357284,6,6
38,0.491815066840299,-0.373215936288087,-0.786656090632672,6,7
39,0.82181440240685,0.0029012008830258,-0.569747901295045,3,13
40,0.697724262013433,-0.261277740102878,-0.667019337594154,5,10
41,0.790932080792656,-0.135723097081132,-0.596662119202908,4,12
42,0.562573675411517,-0.373194760680868,-0.737723884888057,6,8
43,0.130227826954142,-0.375506710549199,-0.9176248816479,7,3
44,0.217509975100156,-0.407319066613736,-0.887006532504042,7,4
45,0.0655152329841612,-0.338024776365188,-0.938854091331713,7,2
46,0.306155833272179,-0.429556252869739,-0.849558727442621,7,5
47,0.742220635317458,-0.241372171569807,-0.625178377185763,5,11
48,0.827723546684074,0.0553252203306473,-0.558402050730568,3,14
49,0.626967162984658,-0.360163106717493,-0.690792814886325,6,9
50,0.0166010387673914,-0.29699669818976,-0.954734186449938,7,1
51,0.827259454009272,-0.0949615932555188,-0.553736482055007,4,13
52,0.388017315068733,-0.448542631282412,-0.805141025615452,7,6
53,0.464694284970564,-0.454378620190498,-0.759999533571881,7,7
54,0.683214503516305,-0.34020576508488,-0.646125359034901,6,10
55,0.786678665859395,-0.213717549245857,-0.579190370971433,5,12
56,0.855178166075077,-0.0452364686043504,-0.516356433267443,4,14
57,0.535920190232492,-0.449618141867606,-0.714585947388199,7,8
58,0.86584110306522,0.0924039082517383,-0.491712011224668,3,15
59,0.0792270500103769,-0.445245510709695,-0.891896580181535,8,3
60,0.164927728073802,-0.482510170154331,-0.86022251784643,8,4
61,0.73282743208742,-0.320334700357439,-0.600291291396991,6,11
62,0.0041486038697943,-0.405305273794653,-0.914171988260509,8,2
63,0.829020205953901,-0.176954656890797,-0.530483315029617,5,13
64,0.258948668357579,-0.503285849206419,-0.824408236945999,8,5
65,0.602481697952176,-0.437607655870283,-0.667469357466227,7,9
66,-0.0546688907475777,-0.359590274194937,-0.931507459491785,8,1
67,0.347272723515102,-0.520405345882867,-0.780115332165018,8,6
68,0.882319148069307,0.0016594738599231,-0.470648666307216,4,15
69,0.779950798079797,-0.291691582067565,-0.553708202508875,6,12
70,0.660558573665468,-0.42127552213265,-0.621441312763245,7,10
71,0.426217677783707,-0.525627011722461,-0.736243665977766,8,7
72,0.861835499306126,-0.135898076920083,-0.488642287184791,5,14
73,0.500260790255345,-0.522812058597981,-0.690222205610367,8,8
74,0.0159272850115873,-0.504086114115168,-0.863506520617204,9,3
75,0.824494534367653,-0.253525678110297,-0.505898698690341,6,13
76,0.712979773124122,-0.40130352413123,-0.574991586578213,7,11
77,-0.0602127788641819,-0.458017277980575,-0.886901682450043,9,2
78,0.109881567893103,-0.54402952091086,-0.831840081635198,9,4
79,0.903078450258139,0.0462661024962044,-0.426976299622321,4,16
80,0.89094173974894,-0.0898668596556072,-0.445136792355755,5,15
81,0.205787034136043,-0.572569796402638,-0.793609176376466,9,5
82,-0.110196827807981,-0.4025899467907,-0.908723276847314,9,1
83,0.569787681676412,-0.509697566614534,-0.644631979036909,8,9
84,0.298795223701382,-0.590188564776625,-0.749932578502994,9,6
85,0.764258838299896,-0.373344200170696,-0.525854101704453,7,12
86,0.862940760996013,-0.214760677132358,-0.457395993171423,6,14
87,0.633985496627711,-0.497544842797451,-0.592040133328285,8,10
88,0.384025440903942,-0.595914726642979,-0.70527306719352,9,7
89,0.915416210123257,-0.0420236329958007,-0.400308851405272,5,16
90,0.909705467335469,0.126076268500266,-0.395652293334697,4,17
91,0.813182261125138,-0.332926667226417,-0.477382911760484,7,13
92,0.463554757803506,-0.585529127694074,-0.665035808915242,9,8
93,0.688442835946414,-0.478509408347148,-0.54504606021631,8,11
94,-0.119738064983379,-0.499162040522025,-0.858195812793283,10,2
95,0.893092557357173,-0.174123693956741,-0.414809140685307,6,15
96,-0.046741538881617,-0.556087446992199,-0.829808399475853,10,3
97,0.0434530007179748,-0.595606296823321,-0.802100352769536,10,4
98,0.14391912541282,-0.626651734023016,-0.765894829324729,10,5
99,0.534519947549664,-0.572625524725561,-0.62160150748231,9,9
100,-0.159788499860878,-0.44517612132325,-0.881070857715653,10,1
101,0.855440255531097,-0.292550600763431,-0.427359468375099,7,14
102,0.740926901371773,-0.451306823887351,-0.497342414777117,8,12
103,0.930935634506965,0.0152530272199703,-0.36486461813355,5,17
104,0.242351650185365,-0.652920632059201,-0.717607361921437,10,6
105,0.917498400549346,-0.125581070115458,-0.377393799390038,6,16
106,0.601638969678277,-0.561674375503111,-0.567937008890644,9,10
107,0.332934446193022,-0.664040353161577,-0.669481190110069,10,7
108,0.792356031634673,-0.417131909749762,-0.445166136403781,8,13
109,0.888806591594871,-0.252352290501003,-0.382545636776066,7,15
110,0.42152017091162,-0.652524826872071,-0.629707944868264,10,8
111,0.662013556112074,-0.544268660264738,-0.515276311290819,9,11
112,-0.108568169082579,-0.585631161238315,-0.803273985417627,11,3
113,-0.184814742173662,-0.521969093194532,-0.832701493228492,11,2
114,-0.019147620832349,-0.633643075104551,-0.773388532361651,11,4
115,0.938359859321392,-0.0723558737514222,-0.338002073881221,6,17
116,0.945786442484388,0.0834567134690888,-0.31388370806664,5,18
117,0.0792823013410094,-0.672856938496421,-0.735511969318853,11,5
118,0.496332093403427,-0.640103995345394,-0.586448060957349,10,9
119,0.836751170905772,-0.375017869531688,-0.399010119570586,8,14
120,0.715508653079271,-0.517354537945162,-0.469458890038559,9,12
121,0.915073300181357,-0.207160255735052,-0.34601370455372,7,16
122,0.181926760092637,-0.703220333891846,-0.68730183759629,11,6
123,0.565853705407989,-0.625330374211118,-0.53737464320996,10,10
124,0.273069064103169,-0.722178308107664,-0.63552480480983,11,7
125,0.954057644142522,-0.0150048256247443,-0.29924716683904,6,18
126,0.875634394706012,-0.332035462411115,-0.350737592095962,8,15
127,0.768061175673328,-0.487226203732553,-0.415563059979674,9,13
128,-0.237883270679942,-0.520779632658845,-0.819878115172208,12,2
129,0.937905976859439,-0.156936270146774,-0.30935963809741,7,17
130,0.361819538008023,-0.719625935539184,-0.592642501694752,11,8
131,-0.175949132947071,-0.606437610120611,-0.775419452713418,12,3
132,0.628968985457322,-0.60688163496525,-0.485893709029755,10,11
133,-0.0883624052421974,-0.662198536392788,-0.744100251134928,12,4
134,0.0095581475578899,-0.708165920762891,-0.705981352788661,12,5
135,0.446488286266189,-0.706370945351461,-0.549261593223452,11,9
136,0.905580379018128,-0.286948824041516,-0.312385258164617,8,16
137,0.958380749805048,0.0364677574366683,-0.28315444737926,6,19
138,0.813412782120856,-0.452947069819691,-0.364963830843776,9,14
139,0.685962428297778,-0.580407137475089,-0.438842912363627,10,12
140,0.114281864744355,-0.74470922379054,-0.657531617028295,12,6
141,0.958243920739133,-0.100423055338107,-0.267738301935031,7,18
142,0.519057763049763,-0.693213346072694,-0.500034294268379,11,10
143,0.215298966430037,-0.76480931885122,-0.607217474100087,12,7
144,0.932073452280479,-0.238731735574475,-0.272481628708339,8,17
145,0.854674527321122,-0.409796101740029,-0.318745364432321,9,15
146,0.736726906372522,-0.552877057032411,-0.389307622881897,10,13
147,-0.324960718860166,-0.550825508330043,-0.768759904372512,13,2
148,-0.245858670414026,-0.622996902247723,-0.742582233811171,13,3
149,0.964460796484867,0.083097962054806,-0.250818860427427,6,20
150,0.303488682778383,-0.773260514572639,-0.556743025127661,12,8
151,0.588818861989199,-0.670411580379401,-0.45148716555284,11,11
152,-0.161091343673944,-0.689901984109416,-0.705751253144629,13,4
153,0.971508228113207,-0.0461294075365539,-0.232473311304035,7,19
154,-0.0621069730266647,-0.736974807742208,-0.673060812003492,13,5
155,0.889153462248124,-0.364361496660416,-0.276851621493455,9,16
156,0.785444167211199,-0.521000159796297,-0.334120178507883,10,14
157,0.3880522513347,-0.767615829581914,-0.510079786317142,12,9
158,0.954367530427745,-0.184296504099771,-0.234983862088125,8,18
159,0.0474817879854019,-0.776358861758469,-0.628500117405561,13,6
160,0.646939309975368,-0.647976487308574,-0.401990051001062,11,12
161,0.977685893040333,0.0050739306577928,-0.210010832524436,7,20
162,0.150771399450041,-0.801498057044578,-0.578678537412303,13,7
163,0.467511434455636,-0.753164887788193,-0.462791216917773,12,10
164,0.828372665102214,-0.480313138966631,-0.288267265306827,10,15
165,0.920924690836482,-0.311679163589642,-0.233995326431515,9,17
166,0.699800885507289,-0.620167531036949,-0.354500993074418,11,13
167,-0.313046526131413,-0.634295370598125,-0.706874285368227,14,3
168,0.972855854272883,-0.124913307024791,-0.194802855561998,8,19
169,-0.386912316104204,-0.573234227721422,-0.722288986358996,14,2
170,0.247868158336182,-0.811293548482527,-0.529494243853188,13,8
171,-0.229737772892157,-0.703494136538981,-0.672544835354362,14,4
172,0.539194021408836,-0.732037198176653,-0.416402867140278,12,11
173,-0.137350833141203,-0.757888909537855,-0.637761044149717,14,5
174,0.864474854439344,-0.436318424415353,-0.249618626223644,10,16
175,0.979636006637339,0.0726102236844558,-0.187192547704607,7,21
176,0.945533943528265,-0.25863658657951,-0.197668099900787,9,18
177,0.330061049200102,-0.813310686516701,-0.479150739328095,13,9
178,0.750316082063878,-0.586816260849748,-0.304421505479874,11,14
179,-0.0296725499297968,-0.803730529248329,-0.594253124631974,14,6
180,0.983370595302513,-0.0707002266144592,-0.167283442847899,8,20
181,0.603126354285166,-0.70847201894776,-0.366477828981194,12,12
182,0.0810340195366049,-0.835300529851454,-0.543789033088772,14,7
183,0.409837568795406,-0.80524550467489,-0.428500693587249,13,10
184,0.899498494848509,-0.385953481012941,-0.204798360001393,10,17
185,0.965349548302332,-0.203117403416944,-0.16384007452892,9,19
186,0.796206518559084,-0.547705486667122,-0.257048399486857,11,15
187,-0.398158488162653,-0.613416844558552,-0.682048087099334,15,3
188,0.658500842543807,-0.681686537536496,-0.318873179980066,12,13
189,0.179461452263975,-0.849858512019161,-0.495513972254953,14,8
190,-0.303550804433064,-0.705170136972877,-0.640774521223881,15,4
191,0.988817321698756,-0.0135929707911727,-0.148511061721235,8,21
192,0.484882985635671,-0.787567849855574,-0.380296426639675,13,11
193,-0.208870862403039,-0.770827899678937,-0.601828307672188,15,5
194,0.930052038138849,-0.330566408329251,-0.160402793111818,10,18
195,0.83615057199141,-0.503721892630114,-0.217063299163109,11,16
196,0.268709008599103,-0.852484742704392,-0.44840297964433,14,9
197,0.982059599367182,-0.140157102725156,-0.126154388930631,9,20
198,0.711293401277615,-0.647586432698555,-0.273301133337721,12,14
199,-0.107055526737204,-0.819781058410276,-0.562581665597758,15,6
200,0.554829738496585,-0.762892902707329,-0.33190116040562,13,12
201,0.990230633767321,0.0580321837505482,-0.126789422263498,8,22
202,-0.000437933664509,-0.861966389056753,-0.506965237812778,15,7
203,0.872984256012671,-0.454744936375241,-0.176367603587171,11,17
204,0.348516632535727,-0.849524841923195,-0.396034972952299,14,10
205,0.953675900330845,-0.273587673789135,-0.125108200685653,10,19
206,-0.465395138160394,-0.596803385159906,-0.65363069453503,16,3
207,0.761542248340533,-0.606446646061299,-0.228639168721037,12,15
208,0.990993996749813,-0.0836901586288427,-0.1045316017026,9,21
209,-0.383881953921354,-0.690799354165228,-0.612724161216471,16,4
210,0.613932623945834,-0.735483694522775,-0.286619029979015,13,13
211,0.102164195889085,-0.883553286992842,-0.457051491762669,15,8
212,0.4260361054134,-0.835936076055832,-0.345982822742055,14,11
213,-0.288529592473568,-0.771072205717297,-0.56762516490841,16,5
214,0.97414486381047,-0.207061241448116,-0.0903738159072995,10,20
215,0.90928447269302,-0.395538687941263,-0.129425245068654,11,18
216,0.801817111805402,-0.568508553460436,-0.184085153823893,12,16
217,0.198037986133618,-0.890677395978198,-0.409236768071537,15,9
218,-0.181881852214489,-0.830115995432191,-0.527092426394698,16,6
219,0.996316602952454,-0.0174070912631776,-0.0839655873262266,9,22
220,0.666175271778385,-0.705133294005272,-0.242894102349707,13,14
221,0.498984024168293,-0.814082172751093,-0.297128187208275,14,12
222,-0.0780287706356323,-0.874781687407018,-0.478192963489032,16,7
223,0.283185166281439,-0.887521693039918,-0.363471327592303,15,10
224,0.937646167598336,-0.336212008559691,-0.0882108252337086,11,19
225,0.841845614378163,-0.520219902105337,-0.143760964819267,12,17
226,0.986973214936167,-0.150424561209319,-0.0570642128093516,10,21
227,-0.510955501144985,-0.613060436956121,-0.602562342408524,17,3
228,0.721479307841026,-0.66348936426182,-0.198114794673895,13,15
229,-0.448474842757858,-0.678813247877585,-0.581448957277591,17,4
230,0.996006660444445,0.0547323969447742,-0.0705343680412829,9,23
231,0.568711525338918,-0.783606611105745,-0.250055753739144,14,13
232,0.0205129475019478,-0.905778962251307,-0.423253695232218,16,8
233,-0.363558895821475,-0.757794460590066,-0.541823296627305,17,5
234,0.364307718955767,-0.877092338090286,-0.313031813674843,15,11
235,0.958584138603777,-0.279104280446281,-0.0567208061809561,11,20
236,0.882133033910788,-0.460078091010077,-0.100843743761683,12,18
237,0.995657001205576,-0.0868817747764827,-0.033446870735656,10,22
238,0.768751156608429,-0.620727761648086,-0.154008782647484,13,16
239,0.120615830078603,-0.919969631401704,-0.372971445063911,16,9
240,-0.258263855070699,-0.830278920566158,-0.493899478869452,17,6
241,0.621896997511098,-0.754234270425692,-0.210653245410809,14,14
242,0.442152706061561,-0.857125710502745,-0.264265966249163,15,12
243,-0.148792928867826,-0.881069492303325,-0.448973511525229,17,7
244,0.211958763141082,-0.920078260294623,-0.329438124176487,16,10
245,0.99984994105974,-0.011581564840314,-0.012882651849851,10,23
246,0.976778292471948,-0.213110264135704,-0.0220948563153606,11,21
247,0.917850910154389,-0.392791645579705,-0.0571351896080335,12,19
248,0.807394215587128,-0.579205212386757,-0.1124095306478,13,17
249,-0.51362741563442,-0.65472807497857,-0.554543078347899,18,4
250,0.67349771045785,-0.720467502691386,-0.165310046801978,14,15
251,-0.0495706949248759,-0.915896420648337,-0.398342180603849,17,8
252,-0.434433368674069,-0.736467926382355,-0.518538948963889,18,5
253,0.513236555982171,-0.830662992234612,-0.21584075364815,15,13
254,0.297307050376083,-0.912973102211564,-0.279443433336456,16,11
255,0.988122431225783,-0.153448503305814,0.0082230007693749,11,22
256,0.940052775885678,-0.340138915098918,-0.024623098606016,12,20
257,0.996603180352366,0.0810882503940673,0.0143804227885681,10,24
258,-0.335596771856051,-0.815783559831635,-0.471032897182589,18,6
259,0.847400248374646,-0.526163490902078,-0.0711674075425398,13,18
260,0.042062982516577,-0.937931285212922,-0.344260961656483,17,9
261,0.727224034725256,-0.675614259696602,-0.121204683954587,14,16
262,0.578606139726227,-0.797465635308845,-0.171065763882119,15,14
263,0.379279548778796,-0.896669147118039,-0.228323158012412,16,12
264,-0.225492846897726,-0.881232881941509,-0.415429396869097,18,7
265,0.995942400540336,-0.0824024518885244,0.0361741721219994,11,23
266,0.96148390114857,-0.27478145277127,0.0066227671736969,12,21
267,0.131634609735169,-0.946985286814574,-0.293071998110683,17,10
268,0.888197545016718,-0.458745479751849,-0.0256457761341172,13,19
269,-0.587494959805867,-0.621166121172862,-0.518654337791331,19,4
270,0.774153324990639,-0.627890005619329,-0.0802544095317937,14,17
271,0.631339853805262,-0.764514181735039,-0.130107858806281,15,15
272,-0.507283196872181,-0.710683538969956,-0.487434780876662,19,5
273,-0.119357150044366,-0.924123946060711,-0.362972179444193,18,8
274,0.4566669838381,-0.871179655745729,-0.18028109520126,16,13
275,0.998856319426343,-0.0040884656332197,0.0476375649128346,11,24
276,0.223722011017777,-0.943262865441702,-0.24536427707568,17,11
277,-0.41617868550203,-0.791796125803594,-0.447050552953715,19,6
278,0.976841534798738,-0.210366272018422,0.0390723366221925,12,22
279,0.9178631260288,-0.396807256703212,0.008442920366166,13,20
280,-0.0258741278162266,-0.948670249607356,-0.315206736951585,18,9
281,0.812286932607413,-0.581819117668129,-0.0409445164963503,14,18
282,0.681795542404599,-0.726202800065344,-0.0882288588528291,15,16
283,0.525711748852767,-0.839894873974451,-0.134921302208385,16,14
284,-0.30852273662078,-0.867053993787398,-0.391191887499405,19,7
285,0.995323697811268,0.0804612471348003,0.0534483328534721,11,25
286,0.310373393396658,-0.930329507962215,-0.195333978831705,17,12
287,0.987113540735481,-0.145908900271433,0.0657073094734682,12,23
288,0.0578764720360466,-0.962230568796058,-0.266012493050752,18,10
289,0.939672306409729,-0.340205209354187,0.0357263501479555,13,21
290,0.851905657398741,-0.523678272449409,0.0042211202804306,14,19
291,-0.59497335999093,-0.663565281254503,-0.453528189217314,20,5
292,-0.198114210432406,-0.922604610245505,-0.330985638326627,19,8
293,0.737200259623092,-0.674183790113177,-0.0448552601182707,15,17
294,0.58464595470169,-0.805953062393142,-0.0928911668032291,16,15
295,0.390423760441139,-0.908955373907496,-0.146182815432196,17,13
296,0.993845567542751,-0.0743380443140747,0.0821269933894245,12,24
297,-0.492175780275043,-0.764226996860761,-0.416797431109928,20,6
298,0.959501812715403,-0.274261283815355,0.0643196672551219,13,22
299,0.146807586479831,-0.966156825678195,-0.212104975772379,18,11
300,0.887057252010218,-0.459704602057485,0.0424394922595661,14,20
301,-0.0982755189366837,-0.955988649519358,-0.276455465433185,19,9
302,0.77792984351381,-0.628328014225136,-0.005391206773648,15,18
303,-0.3916523318498,-0.842820440307246,-0.369137042786164,20,7
304,0.996460181545191,-0.0010159833013606,0.0840599451157121,12,25
305,0.63624278732037,-0.769420580582606,-0.0564542802516473,16,16
306,0.46526874431019,-0.879183843299188,-0.102765583974836,17,14
307,0.972842883093765,-0.213399536989598,0.089651338118496,13,23
308,0.238729243415197,-0.957282194011549,-0.163153759891833,18,12
309,-0.01040862396082,-0.972869277722423,-0.231121243097846,19,10
310,0.913722636211367,-0.400999490779711,0.0656532746278674,14,21
311,-0.630238653942526,-0.657355926628692,-0.413137295342416,21,5
312,0.994607906372899,0.0706764351229145,0.0758943614429657,12,26
313,-0.278738011993105,-0.909338963640763,-0.30888148192288,20,8
314,0.815353487185158,-0.578006375318817,0.0332764334898621,15,19
315,0.691530828934671,-0.722244669037725,-0.0121552737325556,16,17
316,-0.563661614083691,-0.730456074463522,-0.385641683545632,21,6
317,0.983873678231644,-0.144661267310735,0.105193645354588,13,24
318,0.530844556844538,-0.845360790863833,-0.0597426961109136,17,15
319,0.318736961828196,-0.94035182784173,-0.118933548838201,18,13
320,0.0745134078074834,-0.980505581082688,-0.181814624061479,19,11
321,0.936911240397422,-0.338974801928592,0.0854014711491321,14,22
322,-0.177165913603396,-0.95215912647941,-0.249008507724214,20,9
323,0.849321015765935,-0.523542968808895,0.0675023850622211,15,20
324,-0.472536678516457,-0.812297032540622,-0.341881000323701,21,7
325,0.990302879523973,-0.0724517892183573,0.118536682278465,13,25
326,0.739917358308578,-0.672095920241439,0.0284495495301488,16,18
327,0.589105148086205,-0.807809934784297,-0.0199557952013847,17,16
328,0.400858928708426,-0.913223035644269,-0.0730466045986986,18,14
329,0.955237765985298,-0.275214505634525,0.108525510013825,14,23
330,0.164742223606722,-0.977930742314474,-0.128496937696489,19,12
331,-0.085909179292397,-0.976982419695303,-0.195256151041694,20,10
332,-0.365552665970685,-0.885993216125871,-0.285284541082514,21,8
333,0.992029420729522,0.0001795925529422,0.126006333783523,13,26
334,0.880884374040759,-0.464031704858008,0.0933664632370274,15,21
335,-0.631559356770048,-0.690563601735572,-0.352497788410363,22,6
336,0.778296943059349,-0.625152046643227,0.0586411715628001,16,19
337,0.968869684093702,-0.208265908885669,0.133853824899387,14,24
338,0.644966261881425,-0.763966592205097,0.0193278821714102,17,17
339,0.470699883271947,-0.881788098062184,-0.0298558202642399,18,15
340,0.990439381539436,0.0726975597748175,0.11723862971976,13,27
341,0.245963730295281,-0.965503600600602,-0.085467190234052,19,13
342,0.0012851312064179,-0.988943823236649,-0.148285073152568,20,11
343,0.908905804280426,-0.403086990121761,0.106822831547999,15,22
344,-0.259008557481491,-0.939343862477506,-0.224828101395705,21,9
345,-0.54678599230427,-0.777277781806031,-0.311230346416494,22,7
346,0.812759298137837,-0.576184373472874,0.0862200154033985,16,20
347,0.977728647757413,-0.141283904899656,0.155195198285142,14,25
348,0.695451448564957,-0.716436419322414,0.0553727347833025,17,18
349,0.535932741206234,-0.8442239733911,0.0078727158537849,18,16
350,0.932197459776765,-0.337549446578312,0.130645578189319,15,23
351,0.326919572611693,-0.944018947987282,-0.0441793943413931,19,14
352,-0.449591876424497,-0.855463682421192,-0.257000063640991,22,8
353,0.0894491057627825,-0.99101321923169,-0.0994568086471715,20,12
354,-0.161365194796384,-0.972958704573897,-0.165265341503322,21,10
355,0.982199801899658,-0.0740602566432337,0.172622789730122,14,26
356,-0.719910749220217,-0.600101054346276,-0.34872229313549,23,6
357,0.844346025985042,-0.524345892347469,0.110186993704357,16,21
358,0.737306214681335,-0.670694307245723,0.0809239891531641,17,19
359,0.948591177443181,-0.272135749543435,0.161607276746418,15,24
360,0.984233784556774,-0.0030111741780077,0.176846798577523,14,27
361,0.592416026899899,-0.804420811298772,0.0441634398746666,18,17
362,-0.623408735972358,-0.72803698671879,-0.285173094598302,23,7
363,-0.347696061399199,-0.917134796695935,-0.194862037290466,22,9
364,0.409191856917824,-0.912446268606133,0.0019573295295429,19,15
365,-0.0759504035324784,-0.990317208412714,-0.116203971209689,21,11
366,0.174753571034426,-0.98326530336675,-0.0514833235699588,20,13
367,0.87336303173438,-0.467242164355939,0.137556441680168,16,22
368,0.773727149334519,-0.625161609530838,0.102563445493459,17,20
369,0.983562900756657,0.0685715084620416,0.167038823278875,14,28
370,0.960247137603175,-0.203866802022626,0.190692846635567,15,25
371,0.644944032345427,-0.760624649528316,0.0741440332862204,18,18
372,-0.52326438151126,-0.820912622175982,-0.228685053717533,23,8
373,0.90201378316481,-0.399340801673367,0.164006277622477,16,23
374,0.478417395139083,-0.877412327469901,0.0355584537372766,19,16
375,-0.244402199547857,-0.960233890924221,-0.134975699948922,22,10
376,0.25416638897633,-0.967029328137395,-0.0159287550320537,20,14
377,0.0147047518391517,-0.997748633392002,-0.0654326740836795,21,12
378,0.966733835150402,-0.13917124420404,0.214609078936787,15,26
379,0.804947859217746,-0.578410730873027,0.132287453493137,17,21
380,-0.713161370412713,-0.647055844897502,-0.269665706635163,24,7
381,0.691374976488758,-0.716054104748718,0.0962660945384232,18,19
382,0.923018710255209,-0.332477928312887,0.193635966967866,16,24
383,-0.424257382727863,-0.889739214991227,-0.168433377059593,23,9
384,0.536456574244503,-0.84132509391342,0.0662301313710566,19,17
385,0.970686174830405,-0.0718334893279465,0.229364992542645,15,27
386,-0.152285649020783,-0.984905611554419,-0.0822801156473066,22,11
387,0.337028199717275,-0.941165746449334,0.0248803196482957,20,15
388,0.105252284559446,-0.994226860014498,-0.0208544340783595,21,13
389,0.834396198639902,-0.524394579243,0.169685912661714,17,22
390,0.72954353321921,-0.672314097939315,0.125538786237862,18,20
391,0.938453984053438,-0.263935767453596,0.222804915728787,16,25
392,-0.605769575161625,-0.768115047848502,-0.207466852960173,24,8
393,0.971998249412494,0.0007966237632112,0.234986741178363,15,28
394,0.591298437990713,-0.801087583088202,0.0928700245054657,19,18
395,-0.32770613024879,-0.938045019797035,-0.112606540801785,23,10
396,-0.062792646706572,-0.997407335938035,-0.035152378818165,22,12
397,0.414748884014937,-0.907910503055136,0.060678510615665,20,16
398,0.865161348366093,-0.4578366342746,0.20464959713977,17,23
399,0.9696833373987,0.073812097271963,0.23295063740551,15,29
400,0.185838748969204,-0.982488601819108,0.013420382896755,21,14
401,-0.792545316808715,-0.546458709915425,-0.270656237988601,25,7
402,0.947120136017378,-0.199280942698526,0.251496627865286,16,26
403,0.763973198940862,-0.625514195899751,0.158357008142848,18,21
404,-0.504619656878349,-0.850681616805766,-0.147308481496163,24,9
405,0.637294707657481,-0.761392927061464,0.118896031105086,19,19
406,0.889943672639856,-0.391829359381738,0.233388115924485,17,24
407,-0.227339427237258,-0.972133148798423,-0.0572182298808607,23,11
408,0.476013271584848,-0.87534607263546,0.0847385295881712,20,17
409,0.953278516847118,-0.127858266666848,0.273701174573125,16,27
410,0.263903745718568,-0.963538820092589,0.0441333793209925,21,15
411,0.0307595847326599,-0.999510194869338,0.0057635318452931,22,13
412,-0.695078307616891,-0.689291398750519,-0.204312295002019,25,8
413,0.795619800131211,-0.571948602097888,0.199659535703766,18,22
414,0.678229515041855,-0.71874478408497,0.153005425644777,19,20
415,0.908090576193597,-0.327557141498995,0.260917275168564,17,25
416,-0.403355702718899,-0.910836390340554,-0.0876427242589637,24,10
417,0.956214421998089,-0.0566359001567677,0.287134731400251,16,28
418,0.534280324390725,-0.837062758817914,0.117772971301079,20,18
419,0.340559960901496,-0.937429739559972,0.0724182050267416,21,16
420,-0.138566606858262,-0.990342774675067,-0.004525937767783,23,12
421,0.826189885775304,-0.509499040221468,0.2404599772436,18,23
422,0.117484280574147,-0.992328422245384,0.0384934568720799,22,14
423,0.954626145330713,0.0165627526126307,0.297345922919615,16,29
424,-0.592969586101975,-0.794877223692805,-0.128675052797622,25,9
425,0.921263017166356,-0.259842560680139,0.2894068016836,17,26
426,0.719203133044722,-0.668489148989497,0.189391422989413,19,21
427,-0.784400835308307,-0.579980709510324,-0.219858377515007,26,8
428,0.943305627684692,0.103073636513415,0.315515955593832,16,30
429,0.581307523057829,-0.800255993470544,0.147213819157184,20,19
430,-0.300685536673295,-0.953119652827812,-0.0339283867710083,24,11
431,0.410225089367118,-0.905854926182379,0.1055567561308,21,17
432,0.853169618229815,-0.444995261129353,0.272177919938432,18,24
433,0.931959057867082,-0.181323017395717,0.313965408639253,17,27
434,0.193507035840369,-0.978950850842148,0.0648865064224337,22,15
435,-0.0491742593162817,-0.998298171290989,0.0313473031976135,23,13
436,0.755221131893728,-0.613901050734679,0.229709690365934,19,22
437,-0.486780261786168,-0.87113315464919,-0.0645910489645525,25,10
438,0.93677999287115,-0.106776640271423,0.33322964161172,17,28
439,0.874719382669659,-0.381026504810021,0.299474212937057,18,25
440,0.623045763675687,-0.760183761258455,0.184213532306203,20,20
441,-0.206954330779051,-0.978217635447686,0.0161295589193418,24,12
442,-0.683429957594725,-0.719302529613336,-0.124608843803032,26,9
443,0.469903594376502,-0.870808470336063,0.144510276392407,21,18
444,0.264706054230911,-0.959411526805547,0.0972636987069248,22,16
445,0.0367900698514868,-0.997769505082566,0.0557001390268802,23,14
446,-0.857684501450675,-0.476158324987936,-0.194037484821851,27,8
447,0.784882800549697,-0.557956414828327,0.269524819920511,19,23
448,0.937647513017848,-0.0346059483178697,0.345860621743016,17,29
449,0.88891158331679,-0.318472643005065,0.329258823272218,18,26
450,0.666847374026685,-0.711513271585682,0.221502695494104,20,21
451,-0.382493371370896,-0.923897091580298,-0.0106294415089916,25,11
452,0.93170180244963,0.0357269900812736,0.361462769164189,17,30
453,0.520597486973529,-0.834382349797663,0.181064493766659,21,19
454,0.111233660740147,-0.990096101203239,0.0856550237901532,23,15
455,0.33464190678868,-0.933419221564636,0.129396101311073,22,17
456,-0.129375341849481,-0.989963802697547,0.0568655455433466,24,13
457,0.813302677651049,-0.494852725258326,0.306038453188552,19,24
458,-0.580453447776556,-0.812980488423417,-0.0462225097450554,26,10
459,0.902911926420127,-0.240755519047021,0.356071387753489,18,27
460,-0.772665890307108,-0.623477657005982,-0.119427941329721,27,9
461,0.713082092571209,-0.65132490884654,0.259402760914973,20,22
462,-0.284594087591648,-0.957990489134332,0.0355025074613208,25,12
463,0.562531377831759,-0.797855436958217,0.216760583757553,21,20
464,0.838111076467235,-0.430646770040009,0.334833067299275,19,25
465,0.913421081979715,-0.159146579423557,0.374612190475414,18,28
466,0.395009978216876,-0.903223388836134,0.167793405616767,22,18
467,-0.047860000255612,-0.995620865847785,0.0803026267567837,24,14
468,0.184419841797518,-0.974529008095998,0.127603034175558,23,16
469,0.744100116930555,-0.596781399949652,0.300278165470066,20,23
470,0.91691381123783,-0.0849426993644047,0.389940765483688,18,29
471,-0.476015598522447,-0.879375019223944,0.0104271534085109,26,11
472,0.855235841472659,-0.368268589954311,0.364622957469241,19,26
473,0.609159992565613,-0.751133127938982,0.254407404707613,21,21
474,-0.200625500442244,-0.977217608525875,0.0692470516287002,25,13
475,-0.672787364947946,-0.73873911507956,-0.040270105759333,27,10
476,0.917269372782421,-0.0018994072442735,0.398262840354789,18,30
477,-0.858857626731396,-0.500053929636839,-0.110948837128062,28,9
478,0.451175696475773,-0.867048117944712,0.211348177371213,22,19
479,0.0273704972659531,-0.993396058848253,0.111423184948972,24,15
480,0.25374506907161,-0.952709930753303,0.167204149966085,23,17
481,0.769706085374148,-0.542607439868558,0.336347600463112,20,24
482,0.905528134195359,0.0913081548364022,0.414344806943496,18,31
483,0.871351627801085,-0.291230834237522,0.394880921187283,19,27
484,-0.375201417550566,-0.925143872620948,0.0577296390077178,26,12
485,0.660415861972269,-0.691209749725866,0.29339388395011,21,22
486,0.886342041189734,-0.209759231248,0.412793956988065,19,28
487,-0.1318254796397,-0.985950037506792,0.102589309667811,25,14
488,0.499295929800815,-0.829918628956581,0.24887475523879,22,20
489,0.796317879721801,-0.478398204344975,0.370152661093877,20,25
490,-0.573709633047274,-0.818843556183449,0.0187746490141847,27,11
491,0.316355509103866,-0.927481692514492,0.199240813866252,23,18
492,0.0988014584923242,-0.983525726868544,0.151378388112344,24,16
493,-0.768937594906594,-0.638064199680497,-0.0401129932235167,28,10
494,0.893006098689193,-0.135219056516481,0.429250409969169,19,29
495,0.702789833048393,-0.629010126024976,0.332314176528561,21,23
496,0.818816589392803,-0.413061345988447,0.398647359686917,20,26
497,-0.284395953696639,-0.953963042494789,0.0952546853181758,26,13
498,0.550525145286,-0.784693716905564,0.284917242470088,22,21
499,0.896904256176477,-0.0539770652227329,0.438918251708062,19,30
500,-0.0566423521780452,-0.988405101148157,0.140879380904518,25,15
501,0.375446314402899,-0.895510667086306,0.238957548815516,23,19
502,0.90290706942617,0.0483801475383469,0.427104419673237,19,31
503,0.171615772515724,-0.965284621715154,0.196910197054555,24,17
504,0.730137681083483,-0.57565102891835,0.368137011949735,21,24
505,-0.4699319698065,-0.880236104734104,0.0659419720384044,27,12
506,0.836460333004905,-0.339764084488176,0.429993579255824,20,27
507,-0.871502751921985,-0.489057962978582,-0.0361284131902883,29,10
508,-0.669359027333892,-0.742711505637102,0.0183878199060041,28,11
509,0.602404576070356,-0.730140891206359,0.322494970066012,22,22
510,-0.20752272784733,-0.969434540946456,0.13088540119791,26,14
511,0.853387990169158,-0.259999322173818,0.451806696170166,20,28
512,0.75270120777874,-0.52085987975408,0.402673412917953,21,25
513,0.430754916532386,-0.857636817923498,0.280907975011808,23,20
514,0.0132227946832854,-0.983865251852483,0.178421758476971,25,16
515,0.237767956541029,-0.941915685950608,0.237194518070083,24,18
516,-0.377808998282557,-0.91920404366328,0.111014805002782,27,13
517,0.865223561230367,-0.18063939892725,0.467715294433529,20,29
518,0.649328876401399,-0.667752090578707,0.363976861625932,22,23
519,0.777946659890834,-0.454018185700939,0.434357550202046,21,26
520,-0.569111368615499,-0.81929488210258,0.0697721023985485,28,12
521,-0.767315213803629,-0.641082216579346,0.0155227011568129,29,11
522,0.485451015207839,-0.814152036507673,0.318580874008605,23,21
523,0.871000385655882,-0.108191785508538,0.479221103182841,20,30
524,-0.14580245008245,-0.974317814875974,0.171599653744589,26,15
525,0.301006395314536,-0.913502702051104,0.273693191959684,24,19
526,0.0828548913534795,-0.971787338020012,0.220826711796335,25,17
527,0.878510807533618,0.0837368935095263,0.470326369356434,20,32
528,0.874796661344765,-0.0168902766934634,0.484195745389476,20,31
529,0.68527238841985,-0.607185129554604,0.402154164614905,22,24
530,0.79691428050953,-0.387892256183422,0.463106064647087,21,27
531,-0.298464793652713,-0.940587391897559,0.161907767426985,27,14
532,0.535697839672282,-0.765727273277841,0.355934779880996,23,22
533,-0.864362961052964,-0.502785677818793,-0.0091232527121583,30,11
534,-0.0744445000622399,-0.974958760097838,0.209555320903502,26,16
535,0.813707196204381,-0.312666895714152,0.490020419135449,21,28
536,0.710147452990982,-0.553615281982916,0.434972084811655,22,25
537,-0.469944213163871,-0.874162696399517,0.12244189126813,28,13
538,0.359394846673308,-0.877798501605011,0.316709858963478,24,20
539,0.154717221093615,-0.951823309084763,0.264754546287691,25,18
540,-0.668530684830489,-0.739910182069693,0.074830781832555,29,12
541,0.831027864470895,-0.231245073547776,0.505883785501006,21,29
542,0.583046187157429,-0.70872390319989,0.397199663487141,23,23
543,0.730854256261761,-0.494455807223857,0.47049496363582,22,26
544,-0.230219742483143,-0.950439498838298,0.208958438975315,27,15
545,0.843009403559961,-0.15335619685351,0.515574458634353,21,30
546,0.414677479675728,-0.837858635257432,0.355014781627948,24,21
547,-0.0082021404536876,-0.9679139851873,0.251147849225943,26,17
548,0.219525558039977,-0.924622035862462,0.311259731036304,25,19
549,0.847392745781934,-0.0712549355845998,0.526163727893694,21,31
550,-0.389583223801693,-0.903190695430727,0.180198444553883,28,14
551,0.749595456095539,-0.430512202499018,0.502758287550156,22,27
552,-0.775465969102821,-0.627409948841341,0.0707763156594644,30,12
553,0.625506416708312,-0.643689145194902,0.440914965741676,23,24
554,0.84495950500132,0.0175211506855875,0.534543210775872,21,32
555,0.839133766815852,0.0723330962917101,0.539094096211684,21,33
556,-0.57295210846664,-0.808620573905547,0.133636255785234,29,13
557,0.462851909921029,-0.794712459019297,0.392683354577142,24,22
558,-0.165291217698776,-0.953937873486085,0.250362431048472,27,16
559,0.768737598543757,-0.363128206659688,0.526479258958314,22,28
560,0.0631193925514577,-0.953256525131829,0.295496090629851,26,18
561,-0.875624159642406,-0.480114509015981,0.0526534831029612,31,12
562,0.282099586645692,-0.892029852299944,0.353132504621238,25,20
563,0.655663475902775,-0.587285866343743,0.474553176746263,23,25
564,0.792032351222021,-0.282828852149471,0.541010716168849,22,29
565,-0.317798952124982,-0.918120376782644,0.236767395907376,28,15
566,0.509784279251875,-0.741487092856483,0.436253228933481,24,23
567,0.681200178282429,-0.530462823356144,0.504554764267482,23,26
568,-0.482138309009119,-0.854165970371692,0.194790004992074,29,14
569,0.804868594718047,-0.202507997652681,0.557832462414386,22,30
570,-0.679554546583331,-0.720048875197859,0.140482153828241,30,13
571,0.338497279652074,-0.854445264461241,0.394135613346353,25,21
572,-0.094029514694085,-0.952111005009664,0.290934845808958,27,17
573,0.1308478580161,-0.931807216140086,0.338547116369141,26,19
574,0.813689933595779,-0.118797342127845,0.569030652485661,22,31
575,0.55672137516051,-0.678002099170861,0.479973399220516,24,24
576,0.698429808669916,-0.468167933477966,0.541308219431661,23,27
577,0.8141262701277,-0.0325730054747873,0.579773589948954,22,32
578,-0.251189886445934,-0.925578263533921,0.283211085624858,28,16
579,0.79800754743795,0.0607809245973475,0.599574543686737,22,33
580,0.388990065375178,-0.81241597582166,0.434358160127278,25,22
581,-0.789918343693459,-0.598143768853861,0.135103819627284,31,13
582,0.718499372178128,-0.399932132195582,0.569045641242538,23,28
583,0.192549241923624,-0.901805008634198,0.386875323375517,26,20
584,-0.0231454987090667,-0.940118727877472,0.340060381967014,27,18
585,0.595956280522421,-0.616935951959501,0.514029321036947,24,25
586,-0.405985393353861,-0.876959282732074,0.257134744469428,29,15
587,-0.589325650302494,-0.781347242616521,0.205406339607866,30,14
588,0.74427784331264,-0.324580331743629,0.583693498506777,23,29
589,-0.872960119045442,-0.468167467869865,0.136966611203191,32,13
590,0.434891742996141,-0.763706891799622,0.477096379457588,25,23
591,0.622432353197284,-0.563987049953719,0.542675384717045,24,26
592,-0.186653204415118,-0.926758438256902,0.326005181555749,28,17
593,0.761768362046691,-0.245030604332499,0.599724074491888,23,30
594,0.255522780006962,-0.866097378887698,0.429631748339637,26,21
595,0.0441427386944208,-0.924819012098444,0.377837549062839,27,19
596,0.772095018328411,-0.163754872262503,0.614046923681522,23,31
597,-0.334200081798944,-0.890090474962581,0.309918137104731,29,16
598,0.645104123003459,-0.500952283361955,0.576964019916652,24,27
599,0.485303724021529,-0.704046537340842,0.518458068419429,25,24
600,0.778709468035947,-0.0799114023990616,0.622274643672541,23,32
601,-0.697075064092827,-0.686466334549201,0.207003204203622,31,14
602,0.782950390327775,0.0148818258688896,0.621906116342646,23,33
603,-0.510873030134889,-0.815818580477827,0.271014373840098,30,15
604,0.312953085873691,-0.824718381263155,0.471062583579736,26,22
605,-0.116271933092525,-0.920135966314823,0.373939354800768,28,18
606,0.667050239916585,-0.430812935422262,0.60781921004529,24,28
607,0.100938774786447,-0.902496859378402,0.418701304699104,27,20
608,0.528692508118631,-0.643304228514211,0.553754369224268,25,25
609,-0.803622722126024,-0.563579948708106,0.191228036377849,32,14
610,0.690269456862366,-0.358241736013126,0.628642136275669,24,29
611,-0.273781856905003,-0.893327079320196,0.356384938209931,29,17
612,0.360126892852543,-0.778579919110558,0.513927943005798,26,23
613,0.563953878498307,-0.587775440125784,0.580065560873646,25,26
614,0.712850648507734,-0.280356890137319,0.6428405456057,24,30
615,-0.0443759406397136,-0.907355101413269,0.418016143027583,28,19
616,0.163471212767164,-0.872287010429961,0.460860644915134,27,21
617,-0.610066744307517,-0.741538469223205,0.279176048672039,31,15
618,-0.435049041021277,-0.835818548868649,0.334872640377761,30,16
619,0.724278361278985,-0.20181605869588,0.659311105499891,24,31
620,0.590623873452953,-0.523845936296015,0.613798725262266,25,27
621,0.413470718807656,-0.722922231424651,0.553557053970667,26,24
622,0.733849739351708,-0.121183518866699,0.668415375951597,24,32
623,0.737916332982275,0.0675395086573174,0.671504207200759,24,34
624,-0.21304730698725,-0.893078947411814,0.396258550286663,29,18
625,0.740533515265146,-0.0312777746268385,0.671291154107842,24,33
626,0.223979957899732,-0.834434607551969,0.503539337270511,27,22
627,0.61479714093942,-0.454532493651118,0.644534473638153,25,28
628,0.0166661697520226,-0.891144634487118,0.45341314406468,28,20
629,-0.712143378530189,-0.644861703782143,0.277498092625514,32,15
630,0.460004812646047,-0.665798052874332,0.587459381686277,26,25
631,-0.360603742414203,-0.848486047311785,0.387345283273328,30,17
632,-0.536842016061293,-0.768337644853191,0.348508125145883,31,16
633,-0.822139034850636,-0.504342823736297,0.264056288545764,33,15
634,0.635681192161895,-0.385772286761727,0.668647264780362,25,29
635,0.280119704188505,-0.790002462950885,0.545370571132034,27,23
636,0.660880294722879,-0.311235900184749,0.682912476444229,25,30
637,0.495538220130644,-0.610791537935707,0.617556126660474,26,26
638,-0.139118941408453,-0.884812007781453,0.444694986510019,29,19
639,0.0712138979861597,-0.868689904900798,0.490210597454868,28,21
640,0.676408128691253,-0.23423003363138,0.698289578030089,25,31
641,0.338033486325842,-0.737318838112664,0.584888274020422,27,24
642,-0.299989723830552,-0.853004849629876,0.427070125511002,30,18
643,0.528220833848467,-0.54808906220733,0.648522266832157,26,27
644,0.685448616774821,-0.158497295064478,0.710660820095444,25,32
645,-0.630640238941792,-0.693094079752036,0.349161117022096,32,16
646,0.693234720076146,0.0336574264532466,0.719925552071527,25,34
647,0.694293317063083,-0.0697251258419793,0.716306635951295,25,33
648,-0.45920340785393,-0.789854519961596,0.406524375052191,31,17
649,-0.0718611285833464,-0.867231203554739,0.492692619976924,29,20
650,0.134380173929416,-0.833081203041059,0.536579610117979,28,22
651,0.55963645716431,-0.474735876431091,0.679288512667323,26,28
652,0.388433892483344,-0.678748346129269,0.623233338162377,27,25
653,-0.738091870206725,-0.591477307402327,0.324615135141341,33,16
654,0.581905913376371,-0.406702403414954,0.704257526075591,26,29
655,-0.233054665440515,-0.854510568863553,0.464216771149962,30,19
656,0.192019848878975,-0.792267537935511,0.579172276589702,28,23
657,-0.0119834923671734,-0.850153105393862,0.526399176765939,29,21
658,0.424037757185641,-0.624102633747236,0.656268148724845,27,26
659,0.603472670716868,-0.33742278525809,0.722472559815613,26,30
660,-0.387855051136697,-0.800723041116496,0.456520613699864,31,18
661,-0.559148611421607,-0.71721045421768,0.41588699751995,32,17
662,0.622291294486367,-0.262671611739229,0.737398921339595,26,31
663,0.454594571326339,-0.567205606639706,0.686747097203261,27,27
664,0.250430431143612,-0.742381131488678,0.621413593966864,28,24
665,0.63263728178008,-0.184599311000113,0.752125763473234,26,32
666,-0.166897807325874,-0.841573030757253,0.513711938552986,30,20
667,0.641515657964251,0.0664963873960785,0.764222409413624,26,35
668,0.645137840878093,-0.101320051327888,0.757318568018814,26,33
669,0.0479951899958578,-0.820583867706988,0.569507311451137,29,22
670,0.648244250773435,-0.0085604730038464,0.761384337664716,26,34
671,-0.65463179198226,-0.638151716923433,0.405240179540195,33,17
672,0.493125790778474,-0.497238517826743,0.713849291418412,27,28
673,-0.324632729076007,-0.803829600038413,0.498469222033566,31,19
674,-0.751178307367353,-0.538858511719517,0.381264547116758,34,17
675,0.307266091496077,-0.686886223986371,0.658615870074864,28,25
676,-0.484533856141556,-0.735104852479507,0.474181187009434,32,18
677,0.526776785318375,-0.423983794532223,0.736711585645086,27,29
678,0.108999996017761,-0.784203952627255,0.610854452019398,29,23
679,-0.101893823750062,-0.821459085413322,0.56109056280916,30,21
680,0.5385259075877,-0.355358822239866,0.764009132349306,27,30
681,0.348716867722907,-0.631501877941444,0.692532977064598,28,26
682,0.560092481262323,-0.28334841620038,0.778466497333155,27,31
683,-0.260600991408404,-0.802039067655863,0.537420186847006,31,20
684,-0.585357728372717,-0.656342116631905,0.475995121581601,33,18
685,0.164657703505374,-0.741430171434494,0.650514520639588,29,24
686,0.571813096090914,-0.211320593780787,0.792700062938725,27,32
687,0.383119159978767,-0.574019217410806,0.72368615248618,28,27
688,-0.0373799972240883,-0.798083442818808,0.601386360093081,30,22
689,-0.418068208479385,-0.740950775483863,0.525557724107162,32,19
690,0.598458657396768,0.0690100405441712,0.798175951586459,27,35
691,0.580432269777276,-0.128331380189876,0.804132723534966,27,33
692,0.596164920660893,-0.0343515115350231,0.80212677366402,27,34
693,-0.67752707514851,-0.568220435159819,0.466993147174016,34,18
694,0.422339893412255,-0.512732323567586,0.7474855040745,28,28
695,0.223156260215016,-0.688445738101259,0.690104158237769,29,25
696,-0.198429102036783,-0.785662440237063,0.585969642102405,31,21
697,0.45979408198853,-0.444487836361235,0.768778229072099,28,29
698,0.0187053155532013,-0.765383481687452,0.643302601525945,30,23
699,-0.513244997584222,-0.670262422117266,0.536029717415246,33,19
700,-0.35604946270328,-0.742878960299238,0.566885906028214,32,20
701,0.478474630214152,-0.374376365658626,0.794294885466141,28,30
702,0.274105079061975,-0.636237299858206,0.721157752438097,29,26
703,0.494191443058146,-0.302567828171969,0.815001550282823,28,31
704,0.315944875823472,-0.581566381879983,0.749639499298107,29,27
705,0.0706186126892195,-0.728288458600186,0.681622280014096,30,24
706,0.51268904861413,-0.230350509212267,0.827096477042907,28,32
707,-0.133598213082429,-0.76272272285832,0.632776078480193,31,22
708,0.543978216600474,0.0259466237170865,0.838698081899471,28,35
709,-0.617224638740758,-0.581568300300258,0.529917028804708,34,19
710,-0.716016084756345,-0.476166891369738,0.510476304967699,35,19
711,0.517159050377916,-0.154458341422748,0.841836764092152,28,33
712,0.52872897546528,-0.0654876946035363,0.846260617279895,28,34
713,-0.293601877708317,-0.738082971186486,0.607479600522256,32,21
714,0.35267281057832,-0.519355138892807,0.778390729893684,29,28
715,-0.44777706587384,-0.6787671854435,0.582040211018556,33,20
716,0.127730631528778,-0.684842428085351,0.71740904264124,30,25
717,-0.071457751945016,-0.739856169244286,0.668959369855999,31,23
718,0.388361612895712,-0.456785101923111,0.800326576023897,29,29
719,0.185272720003093,-0.63667937006881,0.748540846548429,30,26
720,0.411151431151843,-0.391041676393705,0.823432394301434,29,30
721,0.502000065464372,0.0743336316263887,0.861667247539907,29,36
722,-0.541795918537332,-0.604807771086636,0.583664923298894,34,20
723,-0.234328576039484,-0.716298676480292,0.657271880216924,32,22
724,0.427076767553308,-0.320529981546242,0.84549746631565,29,31
725,-0.0205633291180496,-0.708542093226761,0.705368876277812,31,24
726,-0.386000026007388,-0.67906422580502,0.624400318028526,33,21
727,-0.630180214344403,-0.525909876254458,0.571219484530126,35,20
728,0.235560625828484,-0.581993194453889,0.778328409585986,30,27
729,0.445854699716094,-0.248207885762457,0.860003739635127,29,32
730,0.479351036768649,0.003347627481602,0.877616873663597,29,35
731,0.461402964547446,-0.172786570977127,0.8702023357799,29,33
732,0.465495720508116,-0.0867423351916098,0.880789135647197,29,34
733,0.279983905381677,-0.523581454473302,0.80465612112184,30,28
734,0.0313347335767957,-0.672740506936652,0.739214681130108,31,25
735,-0.172525899501152,-0.698726396048486,0.694273892254644,32,23
736,-0.474188964906457,-0.613417083723804,0.63155704964534,34,21
737,0.316941411522444,-0.462699897982698,0.827923273056726,30,29
738,-0.324802952294956,-0.665397774665918,0.67212264033443,33,22
739,0.090824138552281,-0.629140386332178,0.771967194990846,31,26
740,-0.5689620562947,-0.534269794751426,0.625170348715592,35,21
741,-0.114053324618961,-0.6780621741486,0.726101595599565,32,24
742,0.343935937142953,-0.397679678740046,0.850622680310613,30,30
743,-0.666725661119719,-0.432766135452695,0.606786918786005,36,21
744,0.426011540458408,0.0836224008114729,0.900844859828139,30,36
745,0.362486893953216,-0.335303121305623,0.869583272927243,30,31
746,0.141041351401614,-0.578584282314848,0.803335275867442,31,27
747,0.378449144127387,-0.262952810744838,0.887486374335199,30,32
748,-0.412471354906847,-0.608135885870781,0.678261104367241,34,22
749,0.414190653090102,-0.0083057249891536,0.910152249805053,30,35
750,-0.268922614678948,-0.64951324230972,0.711205438237471,33,23
751,0.401221570811324,-0.183347672143011,0.897443525930982,30,33
752,0.409616860604742,-0.0961972776174073,0.90717148945903,30,34
753,-0.0597132863843027,-0.647275051422429,0.759914028844894,32,25
754,0.191790704698321,-0.52341306516479,0.830213881361978,31,28
755,0.234790755918025,-0.465265304584864,0.853464408915214,31,29
756,-0.500543440987838,-0.534622710433585,0.680907351386884,35,22
757,-0.0011241481484119,-0.613477330771617,0.789711530193319,32,26
758,-0.204736533208867,-0.63880984085147,0.741623178710681,33,24
759,-0.603968220739833,-0.448076791984506,0.659127891096435,36,22
760,0.271866595761131,-0.398555073918039,0.875923745062001,31,30
761,-0.354754532544883,-0.594046611319516,0.721981887043339,34,23
762,0.350854031459649,0.0517013451935529,0.935001828615158,31,36
763,0.302571406796075,-0.335694025401964,0.892053846524339,31,31
764,0.050034373750257,-0.565412383450393,0.82328937688055,32,27
765,-0.148751533399285,-0.615114066510314,0.774278804109028,33,25
766,0.351339990082207,-0.0202972106900678,0.936027902686259,31,35
767,0.319030248933523,-0.269491660425043,0.908622003490323,31,32
768,0.340773917446867,-0.191721410181684,0.920389068853962,31,33
769,0.347479155829516,-0.106152446851233,0.931659752426552,31,34
770,-0.437549919644154,-0.52875578111307,0.727301444903625,35,23
771,0.105067972111427,-0.516822549555922,0.84962060562754,32,28
772,-0.293417494957475,-0.583703711781275,0.757097186961914,34,24
773,-0.613829051840877,-0.342090140999753,0.711469065066711,37,23
774,-0.0878329416900107,-0.582345415677843,0.808182647173942,33,26
775,0.155537175413685,-0.461984371642927,0.873142959326835,32,29
776,-0.523354111394179,-0.447592782171538,0.725093908011059,36,23
777,0.189927197073117,-0.397401854582276,0.897774707700388,32,30
778,0.286840439463649,0.0581101550507905,0.956214291970306,32,36
779,-0.233444448959715,-0.572206396325874,0.78618288537315,34,25
780,-0.377475971478079,-0.52583838705853,0.762237418165997,35,24
781,-0.0345483432417793,-0.544582545525457,0.837995383691499,33,27
782,0.233536677300697,-0.330260103673903,0.914542992032989,32,31
783,0.261076326617,-0.264011859959346,0.928513268338681,32,32
784,0.288692192453531,-0.0278811701524487,0.957015913330235,32,35
785,0.27713133335513,-0.189061266263817,0.942047802222122,32,33
786,0.0169099973280588,-0.496985272095581,0.867594197370203,33,28
787,0.28574485425309,-0.108588269002263,0.952133638783428,32,34
788,-0.45833553174115,-0.449627102371362,0.766657687078588,36,24
789,-0.569084470963347,-0.350108961313356,0.744020550869699,37,24
790,-0.179285457199713,-0.541082960558792,0.821636144914294,34,26
791,-0.31808328192629,-0.513891075618196,0.796705082297693,35,25
792,0.0711682659902383,-0.444453489075928,0.892970421662541,33,29
793,0.224137137493881,0.0538230272952638,0.973070205755383,33,36
794,0.110096111065272,-0.380063680687822,0.918384693334078,33,30
795,-0.1224194080442,-0.503448287392686,0.855308897682866,34,27
796,-0.612845150321026,-0.237994111939457,0.753511529049256,38,25
797,-0.399321144057984,-0.443748475146521,0.802265488920819,36,25
798,0.146310379040865,-0.315517737141965,0.937572306829576,33,31
799,-0.263752866716989,-0.494725909268014,0.828058391659372,35,26
800,0.216295886505708,-0.0135480614001801,0.976233854930778,33,35
801,0.184064607562631,-0.248276783555167,0.951040934445156,33,32
802,-0.0734050050547483,-0.462012609898323,0.883830330735403,34,28
803,-0.495204963823896,-0.34948596112945,0.795381422197928,37,25
804,0.214631169371847,-0.0897770347822321,0.972560304125036,33,34
805,0.203439727766985,-0.172718570646399,0.96373262501586,33,33
806,0.122038694044862,0.0652347266165263,0.990379214038285,34,36
807,-0.0261673023977796,-0.412333185074561,0.910657244396316,34,29
808,-0.2084691971509,-0.45678223103247,0.864806676230161,35,27
809,-0.347031353658444,-0.425711302336633,0.835666875400022,36,26
810,0.0210369393692205,-0.352931127848014,0.935412778498297,34,30
811,-0.552765287605326,-0.240116673473171,0.79799406008991,38,26
812,-0.441298348556394,-0.34354899900065,0.828993276720053,37,26
813,0.0617235311424571,-0.291099103563692,0.954699700223961,34,31
814,0.142261198099692,0.0433634217952041,0.988878842510776,34,35
815,-0.154548105522662,-0.418705692504406,0.894874530950436,35,28
816,0.0931919644413288,-0.219502275967811,0.971150868098524,34,32
817,0.132844093594696,-0.0579878384739231,0.989439163054569,34,34
818,-0.291358189631775,-0.401742977188293,0.868166450408204,36,27
819,0.117044274921429,-0.138925836239494,0.983361708494527,34,33
820,-0.114592982747814,-0.371131154280799,0.92148256338748,35,29
821,-0.508637837239438,-0.213239611893863,0.834156111556909,38,27
822,0.0695692573253164,0.0600100538930541,0.995770511647617,35,35
823,-0.38644960312892,-0.32356776459765,0.863690109909092,37,27
824,-0.0736348355616541,-0.312342417353149,0.947111464038842,35,30
825,-0.23817102342585,-0.367246167114907,0.899113350106478,36,28
826,-0.0282897670254355,-0.254987627274977,0.966530392185535,35,31
827,0.0551738450214144,-0.0199733803081959,0.998276971037906,35,34
828,0.0060396347731666,-0.181394599290703,0.983391845685113,35,32
829,0.0119151762182884,0.0888329044900537,0.995975272612502,36,35
830,0.0311358276163386,-0.0997671010852978,0.994523547121777,35,33
831,-0.191424387400379,-0.325529225427979,0.925952173333294,36,29
832,-0.330008985963966,-0.295524161361124,0.896526373976159,37,28
833,-0.431860834675322,-0.204894635004014,0.878358928923767,38,28
834,-0.461955996270344,-0.0628610197523103,0.88467234030774,39,29
835,-0.15611238465832,-0.263435617581072,0.951961448140613,36,30
836,-0.0494037453570856,0.0376106127254376,0.998070494381589,36,34
837,-0.27820372870055,-0.258416675020493,0.925107295079043,37,29
838,-0.116016118197769,-0.201068144368806,0.972682816563759,36,31
839,-0.0555200142109213,-0.0466569662735412,0.997366861049719,36,33
840,-0.374013008531762,-0.170808373366654,0.911558428756411,38,29
841,-0.0795641900406823,-0.129345433321985,0.988402397074146,36,32
842,-0.109992290152061,0.0822618813776816,0.990522427297489,37,34
843,-0.425071977940054,-0.0330852391389291,0.904554686307716,39,30
844,-0.231737762633895,-0.206887356099668,0.950523661596873,37,30
845,-0.321949664215146,-0.126826372700562,0.938223579377204,38,30
846,-0.195316190707372,-0.143221085724867,0.970226420095511,37,31
847,-0.133170130810022,0.015208322927739,0.990976499809035,37,33
848,-0.253180960913622,-0.0841391440653419,0.963753083246329,38,31
849,-0.154438762202623,-0.0748483392060005,0.985163131084099,37,32
850,-0.169638879562468,0.0428578480554145,0.984573946131447,38,33
851,-0.221148568884546,-0.0256834746027611,0.974901876915132,38,32
