,1-octanol,3-octanol,4-methylcyclohexanol,Geosmin,1-octen-3-ol,1-butanol,Methanoic acid,Hexanoic acid,Pentanoic acid,2-oxopentanoic acid,Propionic Acid,Ethyl Butyrate,Hexyl Acetate,Isopentyl Acetate,Ethyl Acetate,Pentyl Acetate,Benzaldehyde,2-methylphenol,Acetophenone,Benzyl Alcohol,Methyl Salicilate,"2,3-butanedione",2-pentanone,2-butanone,Butanal,Acetaldehyde,b-citronellol,Linalool,g-butyrolactone,3-methylthio-1-propanol,Phenylethylamine,Apple Cider Vinegar,Mango mimic,Broth,Vinegar mimic,Banana Essence,Apple Cider Vinegar + Benzaldehyde (80%/20%),Apple Cider Vinegar + Benzaldehyde (60%/40%),Apple Cider Vinegar + Benzaldehyde (40%/60%),Apple Cider Vinegar + Benzaldehyde (20%/80%),Apple Cider Vinegar + 2-methylphenol (80%/20%),Apple Cider Vinegar + 2-methylphenol (60%/40%),Apple Cider Vinegar + 2-methylphenol (40%/60%),Apple Cider Vinegar + 2-methylphenol (20%/80%),Apple Cider Vinegar + butanal (80%/20%),Apple Cider Vinegar + butanal (60%/40%),Apple Cider Vinegar + butanal (40%/60%),Apple Cider Vinegar + butanal (20%/80%),Mango mimic + Benzaldehyde (80%/20%),Mango mimic + Benzaldehyde (60%/40%),Mango mimic + Benzaldehyde (40%/60%),Mango mimic + Benzaldehyde (20%/80%),Mango mimic + 2-methylphenol (80%/20%),Mango mimic + 2-methylphenol (60%/40%),Mango mimic + 2-methylphenol (40%/60%),Mango mimic + 2-methylphenol (20%/80%),Mango mimic + Butanal (80%/20%),Mango mimic + Butanal (60%/40%),Mango mimic + Butanal (40%/60%),Mango mimic + Butanal (20%/80%),Broth + Benzaldehyde (80%/20%),Broth + Benzaldehyde (60%/40%),Broth + Benzaldehyde (40%/60%),Broth + Benzaldehyde (20%/80%),Broth + 2-methylphenol (80%/20%),Broth + 2-methylphenol (60%/40%),Broth + 2-methylphenol (40%/60%),Broth + 2-methylphenol (20%/80%),Broth + Butanal (80%/20%),Broth + Butanal (60%/40%),Broth + Butanal (40%/60%),Broth + Butanal (20%/80%),Apple Cider Vinegar (10%),Apple Cider Vinegar (1%),Apple Cider Vinegar (0.1%),Benzaldehyde (0.1%),Benzaldehyde (0.01%),Benzaldehyde (0.001%),Mango mimic (0.1%),Mango mimic (0.01%),Mango mimic (0.001%),2-methylphenol (0.1%),2-methylphenol (0.01%),2-methylphenol (0.001%)
DM6,0.08652565783687481,0.6100373382685205,0.19316477628712364,0.02519487983052677,0.4412447672761896,0.5188020171254566,0.013429939777207574,0.037112507357474664,0.40928450836241104,0.016897106679809835,-0.00017477841092612586,0.5091358484344413,-0.08441609287760411,0.3265555753638631,0.005143392130890032,0.24233527798652352,0.4170718915318614,-0.006752388940274005,0.472317698159882,0.051832058349607794,-0.013837075548930199,0.25793658116400875,0.01722907075765006,0.13216870498717526,0.09547380490894773,0.5587461426701953,0.0008558289490940695,0.24112337060634176,0.0069868606838295565,0.04763210045526215,0.5362996537784003,0.0010515259371632595,0.5598182904605887,0.041875311468624964,0.3678913391799924,0.37333073969123626,0.10930402071489588,0.14624947680735498,0.22032052316475237,0.33453823125742355,-0.019959005020380095,-0.022847491311332336,-0.02777561142585639,-0.03359975978619769,0.014127559275401153,0.011221057906025551,0.0230185666021583,0.05321858988717638,0.3303263374891955,0.3792539905527091,0.35453676837892034,0.28085985254462825,0.6254206807872544,0.6631530393441305,0.5650782639936025,0.7053388264559269,0.5337539006963624,0.5022591568005831,0.4617695018402819,0.35593398286610867,0.2455125901339761,0.29912813760917134,0.4082681618485675,0.44906532950248235,0.008559494345218835,0.008382954119989003,0.05499175713878103,0.01641431986766564,0.0008845856185094496,0.005012501686573226,0.02385829250983341,0.06001710023280644,-0.006754418769915527,-0.01736255946531742,0.005047850059813234,0.3163700431797754,0.018304132977752924,-0.006084178882354657,0.5224739877122778,0.40417915268474985,0.009923410090289514,-0.004981195953207564,-0.017623108843690918,-0.018253595826427427
DM5,0.4852943572442153,0.11690359348072378,0.09372090231386883,-0.019817998195743054,0.29296879500188233,0.3036984519477344,0.01345007052582765,0.036074596978396496,0.0369058175107733,-0.007127472125581783,-0.022536686562128858,0.689867292026268,-0.01075763557808507,0.21841312789608675,0.4419720017171116,-0.0030681888719894515,0.3620779067384331,0.01336494509406672,0.06399047077818125,0.013535398463308248,0.005952085880206205,0.11110548671272018,0.03411082081625243,0.10807303223513769,0.054228173342270196,0.02756028345968778,0.17119684541482683,0.360135261584662,0.04747220772813079,0.08437671105868344,0.027622868899401267,0.013890583217884528,0.0471520649876578,0.05257786102292178,0.029131353522975405,0.021825856724848818,0.010394761929105671,0.01910193291012683,0.007209289992672064,0.04221260038633337,0.0028812284211974324,-0.012733734358527,0.01551513085739838,0.0006350064523619901,0.025939201688112694,0.008551604973674524,0.022206256993789968,0.022373235321694687,0.01859406657892181,0.02018949873271344,0.04436282563403531,0.034428816325733295,0.15170152304218043,0.16859721388083135,0.1017976890703221,0.046712621194321936,0.05283126695222746,0.0397464139099842,0.038086028534860594,0.05200114423571857,0.24073527354671667,0.2956475685519241,0.4022151779939067,0.43962867012002116,0.01785428774222828,0.022384420786156902,0.02152562139852612,0.017532085947240036,0.012090479728779427,0.014493027669579026,0.03904858069980292,0.04261302250838648,0.04778482762388162,0.0756562167024493,0.058522203872476496,0.06005594277019192,0.018131602553233084,0.020079311837460086,0.1343438896670847,0.19909960885474956,0.05769615245874983,0.01909872441371737,0.03213528051850091,0.029242008973953057
DM2,0.12274605858081515,0.21306553894922037,0.09238693426908336,0.011447054379516942,0.043927626238647835,0.25756710339433636,0.048725457821290986,0.3485163333424474,0.2878269400296449,0.3107826636959379,0.24295435829295853,0.6628770965952588,0.2699185883667838,0.5795184567710449,0.3149898826572846,0.5064568988654108,0.0412379330603748,0.04537431824849769,0.05683566591421019,-0.0006838419355601019,0.24233758345816644,0.0866484021659501,0.3149646367561761,0.3941770146872058,0.21213347755319134,0.015381518407885335,0.00865869419276112,0.06464221187733084,0.047126728777239224,0.3187386663534823,-0.00402429645545319,0.017032533123694547,0.1544530636093371,0.042678746021779304,0.010183591347101818,0.5791976577231455,0.01442908257917578,0.0204795867104227,0.021612924420855408,0.01588393491042169,0.032986304253046786,0.02914035150428971,0.04815009083273493,0.03182130288514256,0.07842243950017383,0.02706138341920695,0.10160493229542836,0.22727636281882624,0.011521033048309268,0.032272340595626,-0.0008131857639582566,-0.004909558730266372,0.16585066751066788,0.1597209523773161,0.05010350366199203,0.045963170961267515,0.1456943163652782,0.11777389314181337,0.12608525329594225,0.16175715047223113,0.06539659103355006,0.18520534332212604,0.21157336585051909,0.062069349719588066,0.05142051949260716,0.024875075385816067,0.035367416414780105,0.0222623154345097,0.02694106533659758,0.05214747837295024,0.056148297536648496,0.0727115875628819,0.05372020686838878,0.012109379370655505,0.04816189083471697,0.04405860960398932,0.028770321665933525,0.013956060887534585,0.08986869259456792,0.04614662953941238,0.03683379167655779,-0.010977241709391902,0.0021016651466849307,0.012428723812846014
DM1,0.0064227401008632055,0.02057363544539376,0.029869907005540153,0.01873652825979027,0.008940975166188848,0.02923372659810778,0.01392616086550864,0.015080112801671286,0.027424329475693846,0.02294675161197933,0.024263784515906515,0.17585666753881019,-0.0012082459242149007,0.021285453196187267,0.06552882991828193,0.014319842981347681,0.024157153633471425,0.006346693797249119,0.022609990204569753,0.015554754797881066,0.01373487103075742,0.041589349458228626,0.056951576973481716,0.14612268009384058,0.0909390560622166,0.020564765594611175,0.00735387574236341,0.00035571407461008474,0.025213604683393415,0.04397685372032544,0.007376191959110408,0.10172056289355604,0.1179485033956849,0.017475205611511207,0.0554303834716193,0.09737934761379406,0.11248711736334346,0.09304966158765589,0.09408456525080185,0.10906431565846293,0.08474843563782507,0.07791353349623184,0.08598459137442341,0.020274452269915286,0.13743347029124867,0.14102277656321355,0.14078213461533098,0.1057483327633627,0.1267729075283056,0.1194742953453145,0.13140222160471002,0.10998958738169627,0.09568860196437727,0.08413532401508797,0.09127393701119342,0.08162259289911543,0.1363498284809768,0.1277062028210267,0.1373958271759792,0.116674084128671,0.018370550888618473,0.01290110381951508,0.015045746885422845,0.01659182964944997,0.004860420079055809,0.009042611048791515,0.0003455312474320556,-0.00821094424174889,0.040779711506762434,0.0427441260563976,0.06756598182886112,0.05524143812171798,0.1199842413714315,0.06808459063954908,0.048302707186880525,0.014519361412455353,0.004750029783206106,0.008333470890447498,0.11957023528317785,0.10346754920793423,0.047877621865667436,-0.002632253430367302,-0.0022952623142158428,0.010489934203318898
DM4,0.03128753040211916,0.027313285317859464,0.05067779110397126,0.033753095451253844,0.004036441953786715,0.04081915591142649,0.015024194308102213,0.035361260365400236,0.05413505069028624,0.026149832319525924,0.0317652963892191,0.2951677218002584,0.014600481010784804,0.012270195623948125,0.15930573560438355,0.008027376763888256,0.020725455028683934,-0.00029359316533996,0.030183660999410472,0.0320209894786054,0.015599884973012611,0.39150539634473336,0.09553853272768613,0.22968430750777655,0.051270700222121934,0.031709132437661984,0.016948319491550855,-0.00025243854180267625,0.039087409072777426,0.06007090133368478,0.008561075607942224,0.21204877426980942,0.23475948854588446,0.048233447284246306,0.15251156913265673,0.15281714155260392,0.20232897766754768,0.203101583357535,0.20049661417186443,0.14600431159345867,0.17493684297465165,0.18498419302588234,0.19434152836791913,0.10456697249236431,0.189170940390123,0.20308170935752884,0.2040871590839817,0.1605276067568695,0.38494876786944815,0.3395685020903737,0.3718625020033541,0.2757920728448313,0.12607554739368265,0.14391672144134182,0.14454061062982287,0.04807482437790671,0.24904116631441267,0.2338496069353738,0.2724181848100588,0.24030347158553103,0.03940266643429848,0.023904860349733513,0.018958374996509996,0.001968865215842366,0.06683929302730623,0.05370906218180125,0.03954717059956571,-0.012444003533883809,0.03765670047896306,0.035027302632748114,0.03330815995613269,0.04108376501217086,0.17759082718965843,0.19854496666491306,0.1543603740298697,0.026277943950298414,0.0230200616876437,0.0250152585189794,0.22356222227818157,0.25103371392133156,0.16099319423427483,0.011115678306867128,0.022661059895333898,0.030562510796763493
VM2,0.2841814724266983,0.37426556543588446,0.07557463133026125,0.0019244341674368563,0.08869779326054247,0.3593887680994618,0.0038154107141767867,0.03388903906424993,0.022147821165896277,0.29065813378686794,0.004577081967475573,0.764904529635913,0.033904720495311944,0.6510573139256357,0.32987177964820324,0.4097670395344046,0.25481385497844256,0.5072893702255257,0.03024020180591709,0.04563985765669508,0.010152440023940274,0.0432699207144641,0.4437651249428932,0.19458921487563519,0.1894924955625001,-0.029710323686374676,0.10437576810260678,0.009903816873218884,0.027255317786278547,0.0858752654587031,0.02647748622342463,-0.0074918924737745985,0.016940866537358944,-0.0015481109258800392,0.38597401931876224,0.3739650787102595,-0.033069048027545206,-0.024310330001202175,-0.024732906305217784,0.015971794641401204,0.1223761532657453,0.23306230495992714,0.3515474911643632,0.45283585068717697,-0.001841026094489851,0.00944730901860585,0.04532548153630282,0.1551515746948419,0.017613520341784417,0.02306395069564279,0.13566896785115662,0.05818768421585165,0.22530894649928834,0.3363166200979654,0.3678594438947321,0.4417009844876352,0.029547062116416976,0.03320858567804943,0.062309486044323674,0.02766419978945181,0.1652768350235918,0.17198589361429595,0.22432207056684728,0.2796907955918594,0.3586595972164518,0.4325144774056081,0.45675460261384365,0.4866842478915698,0.007677383508002796,0.02310107653251033,0.025303097105554895,0.18122529379638538,0.02414958309632895,0.03388157667904913,0.034086273992053356,0.02092677192912662,-0.0023799921428176007,-0.004688826143454183,0.05675284268924251,0.03958872803839802,0.034851533207105025,0.2756272352958111,0.07811430461491038,0.009427709747719263
VM7d,0.08062755793584034,0.05722504879599685,0.18367810346319555,0.277707679823392,0.023154778839696195,0.32079581627453696,0.06062026090186971,0.0633872228465829,0.25545212607406137,0.32033675453083144,0.3512048214408507,0.46097981754032,0.03798360235128931,0.060537029092654064,0.38987295623598445,0.03653161899859942,0.04449141446636803,0.012380520511009026,0.17875235872890632,0.06305236595045376,0.047853343617346535,0.390215898495362,0.4618195385968977,0.49569563344963335,0.3073227594214061,0.24734117789827806,0.05047782729556327,0.06284946231146923,0.22218919137252832,0.205809937404192,0.015978898131451973,0.20485655712513445,0.1702378216795071,-0.013271918035480742,0.267727444730755,0.2591619275166126,0.20352389947223523,0.21256297372185254,0.21711673033788548,0.17761116645573116,0.1442371528448567,0.14716041894051754,0.1370528851940373,0.15627435504604403,0.32389908047643234,0.3684640176622224,0.4003263741294488,0.395308999709886,0.028030843012293062,0.02871546814420178,0.034117340628400085,0.03612102205182115,0.20621488678519168,0.05328895544948915,0.03453668834756028,0.00333205002922589,0.24665532882025148,0.2902197604668567,0.4601314769020346,0.3284120032268308,0.0017378645009771343,0.0005344545023887172,-0.00014221541668413317,0.023815988019004346,-0.028081862302409596,-0.00440511557940742,-0.0028013694170778243,0.01778817796410092,0.20339891805416535,0.2349127206022818,0.2423164569905715,0.28648677075942297,0.14561834919948644,0.004823038538945254,0.01255283363102299,0.31171822810494504,0.3357839246223473,0.2109780339382111,0.09147016578604635,0.015598279118074702,0.039957824470687464,0.2531160336115567,0.31174849686690687,0.24212392264255184
VM7v,0.04843150951779044,0.23301050340960455,0.26446696966126365,0.33002473484681843,0.05158393633808223,0.18518978610037087,0.06112163849535508,0.04455941031734658,0.2621328213007104,0.47402888474207894,0.36223388044988725,0.6560137140600774,-0.012396531093725325,0.22465108137329184,0.46571597065916304,0.010713085803719564,0.03879619164986024,0.014525987702367328,0.2252917300103835,0.040488276999469955,0.03455824887099171,0.4283128997940844,0.5119350006973747,0.36354556180615366,0.3201848666807771,0.021977447260153514,0.051793879681731596,0.08506624888158855,0.2747248532372154,0.26239161039641024,0.012746318727823452,0.03382543615939563,0.1404110983569917,-0.011383978896158567,0.3346639410225693,0.27277245846280734,0.03326922074077176,0.023282254466478376,0.05144962209597539,0.15144933095860158,-0.003877576433907774,-0.026061992546803053,-0.009840225880597245,-0.018247013233741196,0.2365408952001107,0.30098257212030144,0.332375931550011,0.3401599456935283,0.01635087628707936,0.024962625795812144,0.01656912385631915,0.006747702928693978,0.08925262393617364,0.03319053603097874,0.03321531746955727,0.004460404647713132,0.203871970128212,0.22768638057552615,0.31840017861992775,0.2497228439883375,-0.00431222105795137,-0.015196632238122988,0.0008617104520724267,0.016363151803253977,-0.03870151006983814,-0.009583000764469121,0.009211246842414417,0.023372311720781892,0.1689060675814666,0.2640092528024546,0.32680306507164875,0.34494876103792965,0.14291441480108286,0.02209083519514342,0.02969402826869074,0.06351172246273314,0.1967576124566682,0.017668898461732554,0.0545325114438708,0.038526745944959764,0.02861109900251994,0.041683445300639665,0.028975986118472144,0.049065396949264706
DA4L,0.06242576898716624,0.032056696906008715,0.20986463791518192,0.020705823162283442,0.1981455476799001,0.016601756870124048,0.004068027265479951,0.016431412403316147,0.01195214000142473,0.009847622062279503,-0.0014751225184769258,0.05490066603087541,0.05517056879488633,0.03574628263873514,0.018845215514105534,0.04253417864547618,0.031219937556179297,0.17974953680215458,0.055227651381020794,0.04089875389663529,0.03481586803853842,0.04338866442730465,0.039885430393441876,0.01151605704803468,-0.0073373420977250895,0.013518421004359675,0.0947204620064054,0.017336047985588694,0.000694479632298198,0.008224418557693416,0.010957782967689315,-0.012872253051493933,0.030735448545375254,-0.0008018723477070637,0.035452942393027286,0.022153462288702273,0.00757785350412061,0.024515993805289123,0.026272411966331184,0.03631780665318019,0.0014386369764011176,-0.0070958116554764444,-0.005388584450072082,0.04418510766567939,-0.0030550804440461505,-0.016970288887974434,-0.02823066908834824,-0.010022901933116606,-0.005420728639945444,-0.006872598197115689,-0.002070596221828818,-0.0025776299187511165,0.03778100238604962,0.028688432407412298,0.04271987879430223,0.09060985480495458,0.030643263062830755,0.02669300167784934,-0.0008286556083116988,-0.008248471230973387,-0.010178598725607814,0.0006582936517253598,-0.004590339332214654,-0.012246199915280205,0.015040022744819057,0.013550160005478125,0.036466295125265925,0.04880792442946699,-0.01729848613068293,-0.016573614547374577,-0.011863197655959234,0.0009838441462485963,-0.010515654975261931,-0.006266190077715286,-0.008784498885242695,-0.007416382231989621,-0.021113916188466655,-0.024397172459388546,-0.00908476994680181,-0.020460931230652922,-0.01948681848109305,0.044857840148154214,0.023767988186214388,0.008150487274886977
DA2,0.024267702450260605,0.30796159970514697,0.5180614480542762,1.0,0.3641520677144736,0.05515679181791173,0.02467007263306227,0.06362350548771649,0.05001924566395541,0.01469540192246654,0.010129342477385056,0.7941843441896544,0.02685015136975846,0.025884345187718344,0.03380295048745213,0.02868237302072361,0.4056491348151077,0.043937009857375954,0.3837237937124852,0.01707839743583578,0.02913795000665546,0.5604300126742933,0.026013705425598752,0.043139462590125376,0.4302322701438949,0.021673182463193986,0.03571569292356761,0.06488842207383998,0.020932440843271668,0.041941525904385185,0.014228172619268451,-0.004377877908624283,0.014694606912568334,0.0024631505700308085,0.04442672031550057,0.024562433599291084,0.5948067106599471,0.5886896950093151,0.6772861484366612,0.4932004414157254,0.010542917713261407,0.020468623366313974,0.019764451081342664,0.02118108218146464,0.2926153402114588,0.2435627095211355,0.3689098918761575,0.3244871391170149,0.04221716090937915,0.23560634080778922,0.2939707906231454,0.29489412784326213,0.07357469872777475,0.048965041188030335,0.030749872214353376,0.02072712206620178,0.0317701917740646,0.3516769519841021,0.35459727495637217,0.4236156157260833,-0.01067568388840451,0.011604853027545227,0.017783911228675058,0.012733748018750886,0.008776358366854777,0.03254863679968936,0.03608527489691297,0.04832747194860679,0.00269829161497018,0.00326630372051932,0.014755848262987144,0.2856492228917179,0.055093296812618237,0.011267968836506404,0.020098712159191137,0.03421197406598736,0.007572210408561885,0.020756430278470236,0.03931446644423163,-0.011591101606941346,0.01457431987650387,0.02453308728685972,0.00804121241459159,0.006647648901475601
DL1,0.05849894516778198,0.05870735525364548,0.0807571691736509,-0.005741162420562957,0.036823162003267074,0.045957990241298485,0.0012152672554552922,0.03023366477758394,0.013221139866798516,-0.002618752973456973,0.006383463365204604,0.03694224519371014,-0.009502043248333678,0.017986879676137487,-0.011999067039004335,-0.001121636527378871,0.26640780229819994,0.23128259359010875,0.2586889195668067,-0.0075615852206109896,0.04647593274203579,0.05397913911637647,0.006553230938284079,0.05824850227830676,0.052556016672769844,-0.0024808993445635877,0.007748942631156732,0.036313396877638446,0.0029016456808627173,0.024280987538463642,-0.0071479553793451014,0.009895981067405659,0.02880515787612661,-0.010950422188453912,-0.01316852252853992,-0.01003992663384045,0.04827891354393414,0.05633233851332643,0.05607711925397168,0.2019436073913396,0.06279970173514267,0.012897354803197864,0.18838221794463408,0.2271829386262678,0.26324572995047074,0.01709413023394976,0.2615511928740692,-0.005641854016244287,0.1883384016022043,0.18817345210991235,0.26545116666356333,0.30991683764106237,0.041523180642529835,0.019552366738258935,0.2613821211363046,0.22517608385874066,0.023559207454190042,0.011834418741974285,0.14083214835906732,0.02181272288297106,0.036549593204045834,0.039278788167406965,0.11916946052845834,0.16523405219681372,0.29190213333247317,0.0009941867700979778,0.2868817222289649,0.17168221903927242,0.044860657995509846,-0.012824447443837967,0.10510612638597398,0.014811209865629206,0.016092839879292824,0.016733197063196203,0.003598103702925152,0.1506348681234993,0.025570729078270783,-0.011402875597630162,0.014542055092490964,0.02979287324886827,0.01632683884579011,-0.0040801204005551555,-0.001938432167602906,0.00999827095166283
DL5,0.036421056195248956,0.0824059118549605,0.16903313617514723,0.027855661251597878,0.08792775875577988,0.21773595862499262,0.0009412144371496466,0.04497135382493001,0.04310658563164819,0.015313132874588612,0.045417872237647414,0.056698932625070794,0.009779869169121085,0.05439460923637427,0.04518313317824955,0.05398553566710401,0.181467101928707,0.035002117580277686,0.2626170188231426,0.029879653988405454,0.012237797958753904,0.08057199648198647,0.2103037482204569,0.1575218128433357,0.2893928158581623,0.1966420106129965,0.054299465169113714,0.006424275527984499,0.017289209288735292,0.06487818035550263,0.018904291848262002,0.007063782313791519,0.036623437111662806,-0.005712278694689537,0.17733862339886844,0.04455518325247699,0.12995501137907123,0.14146963533186233,0.15126708494347485,0.16198413139447096,0.01427936781879436,0.015484918995113603,0.007307433024556705,0.020065232036133848,0.24193364436170997,0.301876824627184,0.3053737216216245,0.3491637130091819,0.08663562721692404,0.17658400968014015,0.19908587549462395,0.25087228702178066,0.027385616170696004,0.05461793459601802,0.03677198187669809,0.03894608386789184,0.19148349875840856,0.20348491592663648,0.254764302696415,0.2453080579109244,0.0034180260703315724,0.02018137430687104,0.12270606547119782,0.1594267147419358,0.025507510231643347,0.037838641760755444,0.031092254289365524,0.14684497518438705,0.18259142734034975,0.2179982189643481,0.22815409841577813,0.2600637514834959,-0.004101068786386882,-0.008672312184683536,-0.0015800360717712057,0.22388783763429976,0.16484252569366084,0.014349348966100715,0.025639732332099305,0.007868180991574786,-0.013027522046802388,0.0009266998042713943,0.004212138512038576,-0.005070014459901274
D,0.32713344241976056,0.31981915820135925,0.37724026109275655,-0.012146884964143543,0.2975836779040823,0.026607030762511023,-0.037769795816912,-0.01986336199346239,-0.03475076933951246,-0.014450130213622089,-0.09015557334811664,0.02302031246336614,0.1919556265664835,0.18784277679694283,-0.09445732732466866,0.16654563643640274,0.14313043580879628,-0.09844060692287915,0.2746708188569806,-0.0002335962382867153,0.06094409260686696,0.06992026319745784,0.14055060013448487,0.19931390083908446,-0.1107228319338604,-0.08444911151922374,0.20714678385636642,0.3775808524972311,-0.009549805002565012,0.008618028349632668,0.03149466803874617,-0.10140465778369581,0.04667700983636106,-0.08564021184565149,0.027866153900473555,-0.012886880424532616,-0.018467949056418492,0.013801210815350106,0.043972606389410696,0.05039866652881215,-0.09712863552403012,-0.12160118870500522,-0.11729988530765767,-0.1147394187813981,-0.12571331595635962,-0.12159097136359119,-0.12165432757798963,-0.12357761639840892,0.003951551167749601,-0.0002026724434809276,-0.020900749452519646,0.02700121793404586,0.10047235168447236,0.020550292188672506,-0.11055185979459396,-0.11285468589173855,-0.012176572979584216,-0.11976352172063763,-0.1311320916716867,-0.11552314979035057,-0.12030119296102902,-0.12178362790361215,-0.12620243201890644,-0.11371080631930916,-0.10176677365852219,-0.12315202024834544,-0.10533905151145427,-0.11087616495672725,-0.11247082030100453,-0.11105296041111228,-0.11187429765223995,-0.10384839180105311,-0.09582482373767492,-0.09787080644227464,-0.08838102968624206,0.028800837833736697,-0.03752345038648647,-0.01727388203154145,-0.018835083058800186,-0.10062421918075388,-0.09886664974703474,-0.10263948159627237,-0.08607146157253048,-0.04194924311789754
DM3,0.04092759397505015,0.47982151917749427,0.19051619481582055,0.040459425541989696,0.34869203095958357,0.4237347674681878,0.007123754327428699,0.03896370356274302,0.32109328774167567,0.029493806009679636,0.01016606655685419,0.36533896311017505,0.013483556614133667,0.2152835206731801,0.03378768787153769,0.2221279319688582,0.3515356374179201,0.003915162187676082,0.33620841559298736,0.057186160503037195,0.009617055936924968,0.1518483535182893,0.04398696140495041,0.06558011114558265,0.0911250621497912,0.3427367079161984,0.009262018289781107,0.05187338728162443,0.01655213076398649,0.05376162269770011,0.32824378024863676,-0.0037826944046790803,0.3412362827249976,0.0382708035097031,0.2515710124327998,0.2581969833086968,0.03038044499157982,0.04565610993040536,0.310431402822738,0.425636997129078,0.0013937282737181418,-0.008103575501210932,-0.025673072106513407,-0.021456753226432406,-0.026257807737785455,-0.011213488528688986,0.001207373158634482,0.04789321788667598,0.06726535584302386,0.06099833144210739,0.05359135575387812,0.034986185925082285,0.2619412228373656,0.23161272535662045,0.2313820629672228,0.11158292323905687,0.3377191924748211,0.33525125249975923,0.3185326621684265,0.2613395252806351,0.1904173226853756,0.16691965338135145,0.23999067323234932,0.24198211091275576,0.0012496103603992093,0.016673555485440635,-0.010152717113626407,-0.005626346508525397,0.03042386159006075,0.06363833839496275,0.0650913711948865,0.1809236272785943,0.007055919131253402,-0.0062493581336965885,-0.0010282011212545564,0.32163895471162024,0.024239430541939038,0.004597746549400832,0.44924813804983604,0.1784533831272325,0.03453993219803222,-0.013452802985598715,0.0027509589364405995,-0.007373735688042447
DC2,0.0030682667098092683,0.16290725910459042,0.04473643142432228,0.34471107448010546,0.23720781944885647,0.03924654381099833,0.005926730697187705,0.008651521073972594,-0.0005698196373818463,0.0345728104332211,0.040681095552787025,0.026774188568786314,0.03517680917031839,0.13949273535954182,0.22738939637797365,0.24296356136485872,0.14654213206697417,0.024417914500529388,0.012486725001284026,0.031074317955161534,0.05097129488057273,0.023732966638007422,0.04888757633059692,0.05863013860016723,0.054481899460027086,0.05639325224216149,0.03521399271424397,0.019492999652370727,0.005658494147938866,0.04753522386053536,0.06215361586824986,0.0503449317019554,0.16891645838913066,0.01838201997911561,0.1912339003666645,0.05211151304656957,0.15870403824601517,0.12205681863596116,0.12248485723740583,0.13668972250860942,0.030300468283190794,0.01579222489854033,0.0004430668201598809,0.012640169038548425,0.02993709549919239,0.05856234313347132,0.1326317784196907,0.12814206156284252,0.05582076409428855,0.06866833092669512,0.06423518497346681,0.033660054317992655,0.1825829826384749,0.1816978271324995,0.13061566078928505,0.038146103684969075,0.05370428546104333,0.04459912199727133,0.11806698071769217,0.0900201352748722,0.015730757587426612,0.061624975596342856,0.0962043987750612,0.1569768738424368,0.063021497032888,0.054856603105846245,0.0017744385178902638,0.0056021991629862595,0.007833426711359065,0.014252408917057095,0.019824362659982168,0.039451383777000686,0.019896964115815655,0.017061962732461154,0.008314829350090857,0.01628518691226061,-0.006387716701899796,-0.0007302972382133047,0.01775292995716252,0.007844667408231821,-0.004177571553514694,0.01069690435665169,-0.006579277685288334,-0.004088184422439847
VA6,0.020393481072244545,0.05441376228606349,0.15138819402901407,0.1714857571619183,0.020048305719016345,0.1308197751781531,-0.004188842972907969,0.026026332084952097,0.010312210912888543,0.044781318598602744,0.00974255087716634,0.228104061491728,0.027672989489287616,0.018390474495178954,0.0364493236574433,0.03616692050304796,0.15572100300363972,0.12927767184800293,0.0396600264568837,0.02976830138774202,0.054704815201990546,0.05415535568754558,0.02843913238387408,0.033320687296695205,0.04067403040726566,0.01958034623413974,0.035528097329342985,0.0041165675824808385,0.009038135758410025,0.01762157268330273,0.018295619760090146,0.0034607453700925333,0.007752996778250868,0.004883198483982152,0.049361878332986504,0.04244845318985931,0.08382931345578858,0.0599530481280883,0.13001949179910727,0.12315462390804527,0.027872986496103973,0.02818111348850063,0.04187131151306778,0.106928537722336,-0.0032835794901643024,-0.0013478839100730248,0.014485392221989213,0.020067746805930403,0.024671275181919805,0.030118005902932253,0.11329332199086259,0.13306373959121473,0.09181315768559806,0.0862468893078425,0.08621421776656825,0.097080561343801,0.18826570856532107,0.19814854043785612,0.23801798867915253,0.2853795396050578,0.03423247018343372,0.12562544181819507,0.16094106799020158,0.16281086401072323,0.07353345346941752,0.025272584802369463,0.03824256966778712,0.08175843552780573,-0.021004461402848423,0.0011437362302948021,0.008354348824725214,0.022390687665294094,-0.006327442875343687,-0.006459915576032921,-0.017389095255183264,0.003008483455833279,-0.018495856752361005,-0.012275349844767677,-0.0029282273907271644,0.0014292979048701776,-0.0005178990771162025,0.32214027487376984,0.2417636318765521,0.21089228600745774
DC3,0.2228285295725494,0.18950964643141485,0.22221949852796852,0.016928278632898783,0.19286878996404472,0.017972501244512537,0.00044492007875552474,0.016740790979102964,0.02469563764800687,0.006355106067398157,-0.0034664947339523946,0.1939828180475371,0.1448237407682464,0.033622422733735426,0.0064254931174863705,0.15870621539083807,0.00890119750750503,0.19625526911498647,0.04149741013677243,0.03407966553413536,0.02635274490815086,0.04299388999942829,0.033607026778746864,0.023685952162698913,-0.009679530676250549,0.007893405356763113,0.09550682585311797,0.02455901001311129,-0.0027742193369410064,0.019356158819636093,0.025816305462495227,-0.005730510400636787,0.07029250115228548,-0.0016016044397380925,0.03931155895490505,0.019110801803808523,-0.004580495232691162,0.0020053080606444685,0.015440837721590762,0.018646465840476044,-0.0010023366050873064,-0.003552327357795661,-0.0018780788102662393,0.017270057279839355,-0.0067462298058744066,0.0004103359708137396,-0.01388696559527298,0.004854998794505516,0.008391671158617187,0.005662218500534003,0.0036141630639526076,-0.0010229118779960863,0.07717016704718893,0.16192915911840086,0.08498432299658665,0.06680829184735268,0.06523469553084768,0.050611767311787646,0.006009382946061028,-0.013255647600311041,-0.011008882840946328,-0.00187843627438132,-0.010511177091252408,0.01367849445968077,0.01604884928886564,0.06834712853569168,0.07774698688214442,0.20698371618324074,-0.018727903520993714,-0.021642444112490715,-0.02469513853775308,-0.009883033371300323,0.005613383349646284,0.009910168750586161,-0.0015118569198419166,-0.011902317180036672,-0.009588728702502509,-0.010018563589594756,0.035083571783506275,0.0054655480913915165,0.0015802921672803808,0.07323683251999283,0.02981184159063201,0.020159866947839587
DL4,0.038153748592854954,0.05810429771842924,0.21261555769463764,0.018200677827993825,0.05861597172730287,0.04522453922166347,0.0032589887347831766,0.029909685944472384,0.00846879395961952,-0.007383189414428682,-0.00334309451344441,0.058229636760697145,0.005298154419147145,0.01213250642358073,-0.004695019056737176,0.02094926033090245,0.0649413549852726,0.006600315395705099,0.3163394149412971,0.016486432892558002,0.003777417119388251,0.046442395949518225,0.2093275662482342,0.030292331266814656,0.01811161698643395,0.003684970509851873,0.007662251653580525,0.05301669737016298,0.002684041900563017,0.014602620848446034,0.01074181455354265,-0.01663734916339924,0.009453304903728496,-0.010682279986635422,0.010299715406443359,-0.000889041175947046,0.02531692148460737,0.029148741505378023,0.05193228663309479,0.08688467513776751,-0.007432340342138657,-0.022278237115134845,0.0026496744676127496,-0.019750150678827422,-0.02199734216883764,-0.015439059479048995,-0.019266427608768465,0.0067098702846699965,0.028325527118399453,0.01985104262812746,0.1515852216266908,0.02568227553211239,0.004832823139345488,-0.006267064494303246,-0.01567449705623432,-0.012471625677306492,0.02095022741499149,-0.009239673376985775,-0.0038315770129559107,0.0383814105344999,-0.009302784064830923,0.008712071266200742,0.016205923188702957,0.028429788637004565,5.005212197560908e-05,-0.011786727449405801,-0.005930363771816078,-0.01009916170603251,-0.01501817802810045,-0.018894611974168418,0.005082230346181466,0.004663781587284981,-0.030471030326577383,-0.03432580656494169,-0.02260286925327807,0.026881598286022143,-0.0048667012998977735,-0.010297841985712403,-0.038135538643310256,-0.027013823121396444,-0.03487767777845943,-0.01784471221939283,-0.025909356512041792,-0.020133107183607116
DA3,0.2227945878516923,0.24799261462404562,0.2535083058804845,0.003192447093875297,0.23423171896072112,0.04271452489697036,-0.012406224338473902,0.021940796653371463,-0.01195302290305153,-0.00615042220998845,-0.0053525413500012725,-0.0001180477049421686,0.022858593281078077,0.05587291893620785,-0.02534612640201973,0.05232677401286401,0.023672635912421833,0.005480018207508297,0.29617848509662387,0.009594692044298777,0.021114385819743783,0.01871161456649152,0.06979130347239898,0.04487109336870114,-0.004798441480451114,-0.024016694803341697,0.06154572651770162,0.08957039645599742,-0.006263544573816824,0.00979510787566086,0.01670586826553214,-0.0830521927068208,0.026681578261599222,-0.019110757395785067,0.012145404461038315,-0.01313831163505587,-0.008879201971815994,-0.0029244200101700988,0.030378630079184964,0.04050153495684416,-0.03520522963567258,-0.025039335079730086,0.023923516565022146,-0.04924715820820545,-0.11270902195607167,-0.1085922616474414,-0.10724150477662014,-0.10524423848593481,0.01882986708398117,-0.014028248079694796,0.026080505874044757,0.031137126446362323,0.010611504260127207,0.006352844668973033,0.0032269095375674077,0.009929378181445613,-0.005730939247169192,-0.004696565946059203,-0.009747318170335008,-0.014841714425815304,0.00064572572252194,0.018645535681256476,0.028565253555213818,-0.014756273784948091,-0.0229042029391317,-0.019344167435813152,-0.01769182127098603,-0.0034289768219460067,-0.014574302781761455,-0.014064290252345953,0.005044408393243637,0.029077608975755273,-0.03298534142034019,-0.023605336433135938,-0.015444081176584665,-0.011029214182669835,-0.03945833875985432,-0.026578757221813215,-0.015487253885155278,-0.11033072306376486,-0.010475381473469237,-0.039209581987945274,-0.045250076681808124,-0.03537334057994899
DL3,0.05380925557778059,0.36356106059647486,0.1987697811435151,0.0068670804791740045,0.0581217943411888,0.037397480902825374,0.028287346566910003,0.023341252851166228,0.05357697488353296,0.0023830738952955416,-0.0007314586060585982,0.3944398388912211,0.03789832815697201,0.014339813286016431,0.005639811392542959,0.013147413454859948,0.004018533343991822,-0.003030591108773686,0.02975300089031526,0.022688454631386634,0.006145625531935231,0.30243334630070184,0.0048569388288752955,0.01811756935714372,-0.004860756203419499,-0.004070886015869263,0.011026654352131765,0.040619638487323896,0.02197455736345713,0.16655674924899258,0.012664439180645574,0.00902048596918955,-0.0012267448724057632,0.010509870173501435,0.0034439826555962556,0.003152615247031596,0.21994956623542827,0.022944724244730392,0.2504562754300972,0.009706270668021889,-0.0034470650533770563,0.004931028827681403,-0.01874109549743887,0.003699984987171792,-0.00031330230565217496,-0.009804851541709117,0.006036084943894919,-0.0005741718690181524,-0.004282269826982857,-0.0016176592163014392,-0.0032516431296274405,0.008640030312676095,-0.00811899192081849,-0.03056336190741018,-0.02583859960585357,-0.015014367129352012,0.008938161250871813,-0.002439856492649399,0.0048958663485156656,-0.004308631546217822,-0.015662713290870472,-0.008173579468603856,-0.015638061623337803,-0.0066925736746570215,0.0015526834920119561,0.004683193636969402,0.016728249073210702,0.007266952757291737,-0.0034141711548287914,-0.014181131369316528,-0.01584169899145027,-0.01831129896573631,-0.003346789470536546,-0.0008931966680728382,-5.917241833248693e-06,0.007458636962538861,0.014515256014703333,0.019469867001292364,0.0027186704740961537,0.006309152825929717,-0.007400876987150076,-0.004938968616582126,-8.129113729462227e-06,0.009704816067245752
DA1,0.043628005548953915,0.25938103462010154,0.17196360915133657,0.010097431906482999,0.23405072490276543,0.012262944185882991,0.015760545849716406,0.03817308422524726,0.14544411464793283,-0.004445765221545864,-0.009809413124452356,0.31557327159042886,0.036849195632885225,0.007723745581942907,0.00911018841296707,-0.009163118744753401,-0.017151695661850774,-0.002029793287192161,0.01763009176269612,0.014993186739282833,0.004347484764175638,0.2546473037769158,0.006506880716609173,0.016057511176660873,-0.01326966288636069,-0.008019136389620776,0.003114185876724234,0.049233011162401905,0.0234862491994257,0.006839337391051104,0.008751864992083781,0.0055097301503649245,-0.009333863033139832,0.006970081889799732,-0.020360898026563497,0.008372932912629867,0.003806682990765305,0.007715654637407133,0.011469873952019812,0.007206813435671882,-0.00638680362776995,-0.024859258074263608,-0.06692505439917511,-0.0358742322138698,-0.012074311427831176,-0.012656304889726827,-0.01542685615118907,-0.014253314086601377,-0.013779858788956849,-0.002994554605153033,-0.011821570919068145,-0.01796295560511563,-0.057653714407849506,-0.05974069606119642,-0.05520522946100264,-0.047842813132667326,0.007913355914106388,-0.07316822649024952,-0.0674864835299477,-0.01586912262240651,-0.013820800990037537,-0.01956607219211903,-0.037607278287426375,-0.027613544419573033,-0.0016423917504344713,0.008324296747368143,0.004853169098002703,-0.0025522274121611787,-0.01857435868024892,-0.022461966591797222,-0.03888481937779585,-0.030059453962214544,0.00922520435069013,-0.006089950626238777,0.0013552082109214202,-0.0015863599471287544,0.005947737279804592,0.006211034782646765,-0.015595127423239591,-0.0044813029092006474,-0.0009296404326605918,-0.001323790352366843,0.016405540604133396,0.0029629698026711836
VA1d,0.058685408934482174,0.016285308573711146,0.11061269413107924,0.024803783284694524,0.023883092527801783,-0.013678826300719683,0.0021136360823957806,-0.0007088202230107431,-0.0028283918456141785,0.007221589707242414,0.003251009410298825,0.014291114502878724,0.008401441562078945,-0.06458165751240517,0.005968709027013347,-0.07487451554045418,-0.041636892187552926,-0.009815784601947342,-0.08580091420691603,0.0026938381101203343,0.009180248018245714,0.0016552231736805608,-0.06707836631970615,-0.022356870293867792,-0.08406631465476658,0.0073426360934413905,0.01875575376662665,-0.012151391818512781,0.0043117355830949574,0.009684956186885732,0.06029609934825176,-0.005130825381749627,-0.013381784575729512,-0.0006087776498447248,-0.08024766875914362,0.020105827342446217,-0.0312237236078863,-0.0232602948793159,-0.022306250466538967,-0.027642169179470294,-0.028647022328104125,-0.03110775811106904,-0.08221986975578609,-0.08041069925293842,-0.026369798282348946,-0.08361627768723359,-0.0884297172062191,-0.08575728137438196,-0.013582917327695001,-0.06577767963576164,-0.06201516646579163,-0.028974073375148793,-0.003555326579454476,0.0004734823882055442,-0.0010936143297855122,-0.017815073449535635,-0.06543096183047095,-0.07435948214964608,-0.07152800221740913,-0.0359889335225382,-0.032661619818114135,-0.08487392713791664,-0.08012972052794753,-0.0701971282548743,-0.016163510316501664,-0.014738549542986097,0.0009906137214708698,0.0028298036279401826,-0.05287906082914973,-0.07439010014939419,-0.06790678012458594,-0.07819016362609048,0.00023798335077087514,0.006237421375027399,0.006306908530589203,-0.01845889676928189,-0.01055077381380263,-0.008454993058551623,-0.03654705739966933,-0.01559029302031927,-0.002943893736261897,0.01165845496229766,0.004834074944286722,-0.003802573763073271
VA1v,-0.0008634383168552696,-0.07247861966738595,0.036707147068193946,0.03976609003344992,-0.073031230338752,-0.07204766913299783,0.015571941477906673,0.016633915948909322,0.03792646572170483,0.04244541821545451,0.016711360991894186,0.02551952485453754,-0.05029752761537376,0.0050417173187173306,0.013235753607628964,-0.0601488995195057,-0.0035521639304587453,-0.07023107148908099,0.009966818031183105,0.002233437152430162,0.05734476837712071,0.02606785030004425,-0.06962178652179447,0.0032683389513664327,-0.06979212683372629,0.015500471250707384,0.035056990160827556,-0.0706002595711115,0.00935236956444506,-0.007326064722031752,0.009427517082740599,-0.007159866181218311,-0.011701739255414071,-0.004963914005508971,0.016843217262305647,0.02451365551006624,-0.032393135554690866,-0.021723051626029596,-0.023903767180503677,-0.01598137951836377,-0.06178009734734635,-0.08844697727186121,-0.09123516371438774,-0.08347102009986447,-0.052634728741285434,-0.0634664423069599,-0.07449048217173809,-0.06597237951768989,-0.07818434223909396,-0.07701998226231764,-0.06923565146979269,-0.009278033875643401,0.009844006712755793,0.012840851707225738,0.008597114423035587,-0.08107823078948846,-0.07562066961612536,-0.0828961440092833,-0.08263196108396231,-0.076900620355251,-0.05444161867374933,-0.056829670002842565,-0.06249297680858363,-0.05759415173198181,-0.03312268251867115,-0.05745218488638775,-0.05511358701962682,-0.058199880159267706,-0.07958063083094684,-0.07568665665961244,-0.08545731365068356,-0.09249138580627723,-0.005098393816427434,-0.0033878435492498225,-0.004437840579265136,-0.00652046260646462,-0.011735346519210994,-0.018612013067022717,-0.040509425694595064,-0.01886829123872597,-0.008338849526723846,-0.0034310153925428267,0.0027905825654020015,-0.005195513899882048
VL2a,0.0047117713950483794,-0.0024781991633405424,-0.0016144886842772307,0.013898066639621077,0.020996588753676364,-0.005878486364665655,-0.022671074192486693,0.49876477229388533,0.48616183847915057,0.24061983188219532,-0.0007512921808158151,-0.0014384635041440152,-0.016550755353257757,-0.017805181854801105,-0.018939998837135534,-0.021132768339475368,0.19103876590366348,-0.015461331854216302,0.019212019141176914,0.04167756852965064,0.015297324418617605,0.006036803958773084,0.0033468724243337807,-0.0058950772562569075,0.16035071141616294,-0.011211374402506125,-0.0073123780226246856,-0.0012551227196210774,0.025005272281478353,0.02308585910350491,-0.038257140948961814,-0.021790178832484085,-0.02177191413804434,0.0190698978883392,0.23862741221665923,0.0194774420452149,-0.005364170589935042,-0.015453950094967993,-0.01862248619816721,0.029571630663025775,-0.03510981092473071,-0.04190929487477658,-0.045196555464899264,-0.026088232892662547,-0.024902424380950305,-0.007810688619805715,0.022142712495265084,0.07527466465782923,-0.021787286121241117,-0.013376713953295814,0.02070732509243889,0.028364869466386125,-0.07759806305435411,-0.025542665671568692,-0.03575880228564605,-0.028452529498720312,-0.04657687094261451,-0.011614033904770072,0.012744327282771233,0.045460744906494134,0.17244550898329455,0.1757561878345593,0.2111839255676038,0.21226843467686074,0.0019788690514463184,-0.00922086362848098,-0.0046007722075780385,-0.016252708602988507,0.015628461642395657,0.05233447610010621,0.04046528317747152,0.13204588169764578,-0.04624577968871268,-0.025947870893751602,0.018169729629129033,0.04828283814229223,-0.0069855049951812265,-0.02845932166151743,-0.0010201636409654725,-0.015144341033950721,0.013152515482524357,-0.030718409801424578,-0.027144382535568813,-0.009293070723537264
VL2p,-0.00280672554920062,-0.021328210350100924,-0.007163304057263364,0.027410109735286344,-0.01244128218537387,-0.010539425790807093,0.012840010241330751,0.10052203284914056,0.08490194311665374,0.073324661297974,-0.006891036976054713,0.01266988863108688,-0.007187348929856699,-0.0007146635805054097,-0.010061786828131448,-0.008253762408441551,0.04637246257346433,-0.0038730303347280456,0.007765521549502503,0.024275207075521672,0.03694919465795883,0.02015495591658006,-0.0006022949026506531,0.012415251223953564,0.04373467213582671,0.03509612669173687,0.01893186967140064,-0.005047677221338888,-0.0009311111790075597,0.0028540749169708004,-0.022989005149563622,-0.030122433060745787,-0.022552725127120827,0.005470348644448427,0.03275074354442864,0.0236643533260599,-0.022592818229720216,-0.024219924405452554,-0.01986726259233331,-0.011381299513447962,-0.0359834514858975,-0.04399757880826467,-0.03880930443342344,-0.039135004874267576,-0.030531075293513694,-0.019652844557806783,-0.014434227406960595,0.032758697141666265,-0.032439816026725625,-0.013497526261927819,0.011142250942813488,0.025810033020244715,-0.03252811913908187,-0.02942571332192729,-0.012785369527645826,-0.016219772188353423,-0.037131846154507084,-0.02904336510725811,-0.01246282419727307,-0.01381093100035705,0.036196745611535006,0.03226526426412797,0.04333052590978818,0.05582597790095584,-0.0049958411587466165,-0.021640189739550588,-0.0320965434195174,-0.010535786884368296,-0.011608705933012688,0.008702622355373658,0.014321038157243544,0.023833776298024613,0.001838108191210825,0.0038522769119944678,0.00893985859272907,0.018800174975923088,-0.00019751887577065347,-0.022057172060607682,0.020029787242437584,0.007285291706640396,0.03619340376288696,-0.0050191307838083855,-0.004756867273646358,0.010651419023539931
VA5,0.025734573466676076,0.041023049792792275,0.24132137300385811,0.034836737065970846,0.060144855833164035,0.018985771983253408,0.00653691034516397,0.002954770142479045,0.02220961378205337,0.02085045942646182,0.009695076896610502,0.04228945393828406,-0.0028623018754103556,0.028011504542670623,0.016096973124128767,0.011579819428006984,0.25698396939360024,0.2751226701013086,0.15964271959688278,0.054558492017910964,0.04067108226678463,0.03376842821350358,0.0075646046107461454,0.03945550937046538,0.008937156426325468,0.015288708080448098,0.042185946015074305,0.011468614278825067,0.0039168199311941715,0.034744102970016406,0.03478559301979429,-4.912434504613976e-05,0.022221574466552634,0.009857661919506,0.04785285172880427,0.014798185845717023,0.00014392586019343196,0.010702870863024601,0.01714338860464427,0.024671327454905547,0.006625742145269201,0.0385069070109738,0.03639997556241828,0.015213669804981815,0.0127852150062094,0.003325037806881598,-0.0012900996571636421,0.023206645512132473,0.008594988648309071,0.036107856478943844,0.15223245045126815,0.15957590140423947,0.15151355341235964,0.178669504682739,0.2565010674122996,0.32393703494975257,0.005341981532218912,0.03112882683609529,0.019043557629829753,0.03752135946477145,0.20550394724985063,0.21357528910439694,0.28726082524003443,0.3095911416698571,0.12114373534671602,0.1371510050118266,0.1595402517002491,0.18679032352714017,-0.01426280159042039,0.01400096399786548,0.010575681621162455,0.023647936680383057,0.007661126871149125,0.014981290078718882,0.004135178470150411,0.08236107872556123,0.013158199533034313,-0.010559266621024205,0.021767239118894784,0.020601848305248596,0.010729960773334137,0.3559508100216167,0.3079691847171345,0.20139412422790873
VM4,0.00997641108118258,0.10540189955885262,0.022570842219225975,0.0600111932570862,0.05260901935434246,0.058792637807185105,0.025903159852680813,0.013782969511677174,0.038657888012801345,0.014331008953699806,0.05079079464519534,0.2287622565174409,0.017898186425035784,0.08189017140198263,0.07075213730446811,0.04725634810304929,0.025835894162007468,0.0010784967735796912,0.01563169861852626,0.017540734434006156,0.026758039033645414,0.03251722499124204,0.09081838976259052,0.06155397764151774,0.045350942448705876,0.02126743898498917,0.03744377500604876,0.0011733800238182832,0.024567931767340463,0.028301799521545695,0.05773725212603561,0.04165205308857304,0.04047222296369302,-0.0008685287946559443,0.07678083621001351,0.05615146095465182,0.05071558265761253,0.03623968648225227,0.0346428722972613,0.026692268531510008,0.12949464030046173,0.14439167458507907,0.12746242520260456,0.06371569772348,0.03709177599431381,0.05565359263714073,0.04212660466731335,0.03777644998456345,0.03183765270986013,0.03480642497006807,0.032595281189439954,0.024173562663893866,0.015026295744903701,0.02311879303496557,-0.0019019850612997757,0.003139627547008974,0.04043977399207798,0.046743183008747,0.03100023468128635,0.025835965737621272,0.0022415348038617804,0.004139456000780852,0.015091584664506746,0.025543002379784453,-0.02085013282224711,-0.0073123087636079885,-0.024732621985755997,-0.0032975172802081967,0.01286311204732288,0.03152918860819061,0.04925639970884782,0.05376427238523332,0.04508402445741942,0.01146674158364187,0.003501340380424695,0.025788627013118053,0.03019844172729345,-0.006270267949527221,0.025222794947000176,-0.011651581343648621,0.00014315741440544617,-0.006866426426342684,0.0004612931858249988,0.008117154593718595
VA7L,0.0029564209127278277,0.026038313904894115,0.05714057850566409,0.02430917674670206,0.12403590529102132,0.09569837803666367,-0.0023534337333602612,-0.014693603182784882,0.0019143830835082322,0.09814776543223278,0.06783917850000101,0.012053489714264535,0.024817317633750755,0.02433361480008248,0.0740603255534555,0.0783146002908531,0.34250561365245724,0.389105134634717,0.04057676050423539,0.2779166552038717,0.3005269189730216,0.020070400919990756,0.25267475628951935,0.04326803701867129,0.06564244154070566,0.0443714132063192,0.02420249956804395,-0.014599193996299909,-0.005373258788332594,0.038698320354067436,0.05661737547338252,-0.002706577648835822,0.030404709080956906,0.017382982986781172,0.06228159765269627,0.06778925513988639,0.061933736504412244,0.11221487536031595,0.19528018486999962,0.2896521012253942,0.20480474382583294,0.277519959530441,0.2937012500755867,0.35151595134779967,-0.013992811527139059,-0.024047352659406503,0.04164715119561689,0.06169836872955417,0.1629582192777976,0.20903833795827143,0.26923919475379715,0.2935711624719706,0.15933471349888775,0.1182827700783059,0.22328386174073614,0.2586453646075474,0.01172399759003295,0.10201022290994241,0.09032363741127188,0.049947822862668446,0.1927468305618546,0.2243430455708569,0.34816487448892214,0.30607515723684126,0.25551752436884323,0.23676068948967996,0.2827453108961434,0.2859963679433313,-0.015576169804796149,0.020796031856985708,0.024659196841946656,0.045945716783759104,-0.019341267072193,-0.00910032436371721,-0.012126147098251033,0.002359440995451392,-0.02674106003228684,-0.04053409313805268,0.016723675103014046,0.014003111545672872,-0.0022602303830157825,0.6714843436770446,0.5896174500520083,0.47684357470979105
VA3,0.013303770822801533,0.03963395929282082,0.23780166350821527,0.004475328141941683,0.037682169414268066,0.13206187422789342,-0.005896460497803859,-0.0043165914837744795,0.016692292130884592,0.03148479631252043,0.0033244638761587213,0.01565895291239365,0.01749575018958238,0.04586621016626327,0.032109747454811204,0.028834708645865546,0.31864283871843835,0.059984191075261685,0.2275360415718566,0.13289014250875467,0.0342401967325678,0.024479884279033234,0.009281377452362105,0.047500047229403715,0.06424159236609421,-0.00413492095537511,0.03863078955809139,0.01857331075617646,0.003697225347562008,0.0519661008601535,0.1541502293233808,0.023274287821305747,0.03275768168170068,0.1480910365329665,0.23048667312673923,0.017679426650380015,0.06489419981971678,0.12850282871243968,0.20187064140770822,0.253473047322244,0.09985382133349241,0.03605655769458589,0.04723810724245316,0.045544369952517885,0.01152968660942532,0.025220499935613903,0.04350002501580867,0.06812410584663242,0.10785009410479503,0.14030466787114262,0.1256420683485907,0.05233924425529758,0.14012851183232436,0.09168166916235405,0.11499265230723471,0.1353755056038635,-0.01433134088822174,0.1535602188369371,0.13352416397011932,0.16939598245613322,0.25626630550905694,0.3029980390157321,0.36258223711197535,0.4197390583632857,0.1701261446837223,0.07717344783455604,0.0640639983859111,0.0644710928998915,0.04533457798151314,0.08584516362428696,0.07581215647941128,0.22251213169530976,5.5850379986664966e-05,-0.004193152870620459,0.006031298968212812,0.0016759296509553264,-0.025182353001930825,0.009023694743840679,0.26095088161288954,0.1453118475700172,0.021228591977439527,0.04881208407303472,0.04648457298651067,0.04199136856048569
VA4,0.07406157046764268,0.04520432094521274,0.04560783765987946,0.012888854379593155,0.07980808324764083,0.031278843948410795,0.00943891256936009,0.005065195227464162,0.054200389785965676,0.008805623489033361,6.276503985662882e-05,0.029711699749098548,0.030500814559462623,0.04155193644470856,0.035274994671163865,0.022842416447687846,0.04402472091413112,0.03331001185213532,0.0628008342078548,0.039917266153401375,0.023240365533690445,0.03163348543114104,0.012600502557072115,0.024883689130439066,0.04141634666263863,0.005118539747221637,0.04220211120609758,0.07881828461018846,0.010265671332226367,0.0468959108175859,0.04794913622326119,0.02039143385731226,0.03506980957838115,0.03719796347511782,0.05451154549672291,0.008534565790459797,0.044628320161505065,0.03756918503345731,0.04650523850752614,0.04677311217172532,0.020057216852565046,0.014485413393244854,0.014654254080112462,0.03136295379345579,0.03710285057873289,0.02361963743188245,0.04132252966040181,0.05496707320496034,0.03634574479244104,0.04786353129694502,0.04180886077605599,0.02459312142588452,0.13495934023858727,0.048025772132513564,0.054720874897667075,0.031238114878695555,0.06531694872687376,0.16888148358678506,0.12784015911862165,0.03999090838155698,0.17685981829825245,0.042594068297528355,0.05361602316234594,0.15244833688724452,0.058782467158527,0.05619421694069645,0.057117108103288454,0.06779546891909445,0.028099698914331027,0.0191885243337282,0.03735309662222191,0.025396751843118966,-0.00448634400810117,-0.0022396327533312885,0.011347589683680132,0.010356266079940455,0.0006575356103059278,0.021038944122113906,0.15318945718172824,0.07226437476506445,0.029081499102898877,0.029998701771940563,0.028603883233335483,0.01893274434085165
VA7m,-0.029429458773582134,0.05415670193304624,0.03509481312777662,0.03537788116465587,0.044489729291795364,0.23983873396695984,-0.014089504051878794,-0.01026438975447007,-0.0027231401237888947,0.37643589223409946,0.10753013486657034,0.03673330159422385,0.09158168795841173,0.017341547154514,0.2627934020848361,0.1317822716765811,0.6312450863312496,0.4062896714223985,0.021984944426048238,0.22839311422693284,0.38207696993570445,-0.02892872717003257,0.21472821384756446,0.032746260274181004,0.09950463095246832,0.0511645766559355,0.008226566517761729,-0.02629277106892996,0.01116443883969324,0.0371352071012141,0.043432572503155846,-0.007865748604002458,-0.01106091050034965,0.05483151191252399,0.048302320588310355,0.1113337180534392,0.19269495977960518,0.2431554849638857,0.3601721020081019,0.49296214599794164,0.149215910243368,0.036689457761620144,0.19946301839602812,0.25593296139570293,-0.0023679286847949716,0.01714618322593363,0.07917449679799575,0.09926588545101396,0.23306689601650507,0.32449413864571336,0.4488518152698101,0.5205459664275309,0.16847707610699697,0.13318185094038912,0.2270369763887648,0.2819319330950618,0.0073493050263621264,0.06891507441246879,0.09104715790447886,0.2987962295993414,0.3973351752738943,0.45900361317876215,0.6090843538847688,0.6559424788550493,0.21572580430490812,0.1928170948297343,0.2163842103329575,0.20712277423929434,-0.028181864740423196,0.025106803576915956,0.020316091258459592,0.05142731619748378,-0.01505399498286385,0.0015938222021087748,-0.03091530147094965,0.005744862713187522,-0.036162025175268814,-0.0370327081266672,0.005780369908920457,0.0003225400148913989,-0.013024895765073461,0.7588221535387387,0.6729293316062804,0.5623406417380363
VC2,-0.01771689451459393,0.027159227632860296,0.08660143276916064,0.029377242614271215,0.03640252367253478,0.14425795260273602,-0.0011077519493545298,-0.013838667500831235,-0.004698357442183131,0.06906990884936004,0.06884578066295664,0.03766255064451713,0.016330472137925132,0.050056501962242095,0.059792790875626785,0.1034296944273804,0.42095779750484413,0.32986121717573086,0.05780353902228361,0.07857601573431701,0.2734699856925837,0.015780231152995813,0.058247909188419676,0.06904236597686975,0.08384540396655715,0.020046469195947797,0.008968425660964917,-0.007550357529471619,0.021455622896900523,0.04033327469075834,0.05259352018322602,0.001557733385709633,-0.0014556245524347106,0.05620689782905983,0.08537750393459372,0.06029329254929475,0.19507112892478956,0.18345555723224422,0.219368231531768,0.3398682681343782,0.05157930161972204,0.024325678347182685,0.033567620623759786,0.0476698957230825,-0.006908219518657811,0.01714898127050565,0.05886631156453342,0.0776614566441856,0.06412788083569516,0.14255326419838796,0.17629342112755297,0.2106710869154515,0.17989020448674153,0.13358807342349313,0.2140141562856759,0.29362896985729653,-0.005806277834544885,0.051563331288633475,0.05895225534718502,0.048097312213031936,0.365484840776835,0.403874084655286,0.536211504390504,0.5985108142343398,0.23684422484039086,0.20382835783767148,0.19574420788423816,0.20647292447769516,-0.005319440531677112,0.052994467339481814,0.026050410524265245,0.06442259828974041,0.0010172942987424667,0.011071555452938147,-0.01461420916154749,0.009719970668785547,-0.036296312643007235,-0.03368518555626022,0.040855193888190956,0.019605509496959436,0.002830897037917177,0.5464542880454425,0.5054117469348469,0.38944465035658443
VC1,0.02215804003535354,0.07949069147944102,0.11084473820632036,0.0374869305413337,0.06814976428172226,0.033997897083366306,-0.009700065902429274,0.005622453844007837,0.005128349549538047,0.034343318718999004,0.011501135963186235,0.07715943734305276,0.00828040869782329,0.028034448631129288,0.05847030368141391,0.03317970230364607,0.10842208764545566,0.1433886519888602,0.05008808807074828,0.03513984049879858,0.027873405601439836,0.0255276308059002,0.033363534742984625,0.03738400554469215,0.019765150626909644,0.002517884679692075,0.019750790259537524,0.004059374272648569,0.004250512813323078,0.014349092103534862,0.03260071736223404,0.009550847105089534,0.024315920553775093,0.014093735569145244,0.07123643908235554,0.032200524790796346,0.03259933716385332,0.03316492038644766,0.03996082736726904,0.048733879116813324,0.03722062994151228,0.020090426335035484,0.0176111203817739,0.13018385531908974,-0.010059871216683513,-0.005484120591982473,-0.000292065089910419,0.008452943945092082,0.016830140857126592,0.029647000492182978,0.025647275929794613,0.03344882852736207,0.12484282899464162,0.08676419752712283,0.09814035399998094,0.12837857382945658,0.019072973550909145,0.030134067323828156,0.020793791935993323,0.022473566925180842,0.03223122983983776,0.037687246882394464,0.12218038179998832,0.12179198001829016,0.08934440871319278,0.04392708583548796,0.10685499065620033,0.10379972391699994,-0.01679195724503143,-0.0038889238663490254,-0.0015288840334311397,0.009706742282555853,-0.006151665940923401,0.005418561835203816,-0.012527220717458144,0.006073652590637001,-0.009906975576150941,-0.011273749415763253,0.011207603502103269,0.0053790170115601355,-0.0037162000429832548,0.1737544805465142,0.06666959659122966,0.038905333308488325
VM3,0.036315049610401565,0.2684118485021458,0.1588954925085446,0.008920782291663668,0.06678668485905465,0.20626255261038604,0.005836820669980788,0.02172776171690519,0.032618805507746235,0.04440359364980378,-0.010040982705466054,0.3759399391285087,0.03936882184638428,0.3796676454293247,0.17339293509783843,0.21999411312580688,0.2052377408921217,0.17596061250741113,0.03220686001942437,0.008939142483293281,-9.147165514856001e-05,0.045613130642279155,0.1980545683963296,0.1827318435508507,0.059643003225498946,-0.014921211991567786,0.01746329089068054,0.021826198139935193,0.04786672322376332,0.05390254344055391,0.014386373001318484,0.03401683813671006,-0.0007335039248957648,-0.003913937467457437,0.34922933975217557,0.193452787642804,0.012090436394904121,-0.0024375632445566833,0.0040046414267091565,0.032452045708528866,0.12650943709189322,0.14175578870935163,0.12930141194533015,0.1354089997707847,0.0028676680947570823,-0.012644504883078733,0.01599874614465206,0.06983868228750424,0.003405558470200768,0.035747853491474,0.039152054201771896,0.060015530450358706,0.028267265205685455,0.04822392654935172,0.1294345985992808,0.13448126586079615,0.02116264562176783,0.028236297239038054,0.033206546255186424,0.020291328002476326,0.16540124949569104,0.1990481429593447,0.24341460248030483,0.24223035916975777,0.06720025944078063,0.1727278643909805,0.17091225418554862,0.1614004630577259,0.0020332550875293786,-0.011486964324752994,0.02189565666108231,0.01587969003672364,0.018315431964337454,-0.0018689952077516037,0.008877727173374487,0.001969249429325781,0.007645900106324766,0.0014374016225724858,0.012891106760235317,0.011477509701787543,0.017985422252506822,0.17149961024265978,0.048233024129006305,0.008714961255629343
VA2,0.04146164941688339,0.06987448670377747,0.04202867827783667,0.014031531347189433,0.0438742663796967,0.0400671177273332,-0.009282770066598995,0.009242379097068026,0.006858727960429416,0.007522567583678281,-0.007074150201816773,0.1987687387507041,0.002660534481259471,0.061983203119096796,0.03740235916816065,0.03772632764642516,0.12454213013624267,0.022288355789304815,0.01735097536497887,0.011398667838179775,0.0023800329498509464,0.02543494121598067,0.03336968437056138,0.050464039468584146,0.013074480853652254,-0.003766952459912434,0.0021696751199221337,0.002653504418725436,0.009230805644372474,0.029231145942657084,0.007754819709724345,0.000673085716911996,-0.0052191344723905575,0.005056817392614517,0.11872878520127704,0.025606516699012094,0.00537934109666321,0.0009333431226577576,0.00179172622186266,0.006433103073929399,0.07741842547232528,0.029777775878452595,0.024483573986039384,0.1324539176231143,-0.014514259870782245,-0.01938617267617881,-0.0070955661260522565,0.009172641444175528,0.020984746500096952,0.03222017430807616,0.07029272637561573,0.03618554603745725,0.04393970881760099,0.019204108723944912,0.032895312019255454,0.029261370427631436,0.005485572910128914,0.008472661573906628,-0.0033105920898839885,-0.010279686657731813,0.02466713126737497,0.027192841796221466,0.1364289570001249,0.15999035258127794,0.024430580830187492,0.011845714437016621,0.021455881298197643,0.03141969251162888,-0.017431713891384818,-0.0009499341598159316,-0.005157564745789842,0.01400570841134683,0.004006771791340672,-0.00045157039427806803,0.0016805847159771083,0.0005911814960811673,-0.01986526806391636,-0.0037511961236141,0.005696051168484038,0.004561322787883032,-0.000776030820978663,0.023601318864728004,0.02606160924276649,0.011130668562766307
VM1,0.027510187849268584,0.0795097554454886,0.052410206071168065,0.2176464234310193,0.05096689140032908,0.0668249999250256,0.03182841939705536,0.03779373007428384,0.0606632281910669,0.03149618642270997,0.10999048517459134,0.0786141134712514,0.06672342599116295,0.07129901190306898,0.32378863784668077,0.08944217131691527,0.03429220020714379,0.0016859337122075956,0.03479818811971592,0.04818110015482744,0.05201856170324254,0.06654215471600745,0.2551542069787754,0.0748768338632296,0.09376631543394552,0.04572856462038776,0.07519686440395514,0.0181113735309471,0.05538624382323593,0.019806797716072036,0.08259845456387717,0.08259762457164394,0.0702968983891275,0.013999666488127808,0.08135465238926066,0.07805850198111054,0.07086554858864716,0.021971580260928995,0.050000885090135526,0.05496233310067689,0.18130416186357717,0.15875721597244896,0.10019840189921003,0.07543640370021464,0.1635539198441214,0.18328864519226062,0.17314457298181354,0.08627863937233893,0.07206044264236969,0.059755522589326794,0.04925454966002508,0.04759113725941172,0.057048719054134785,0.059030380485385565,0.05882053817435704,0.03661522031212951,0.16409122100284818,0.09860664656429284,0.15658042477098505,0.04868265037442981,0.028026492257995524,0.01896719801568131,0.029016052361225564,0.029875860722376253,0.00956484544940442,0.006413550779511836,-0.00867615702556715,0.002053797497286984,0.040758306238344214,0.05112146097807032,0.05410260643879602,0.07098174985948406,0.02602845466335068,0.013034826270368671,0.013602199512182828,0.05970984198370472,0.0871459868850202,0.03106614956714144,0.052060306654653415,0.014693842353657062,0.020102763207274478,0.0618768534010276,0.020345866185482335,0.045562410981583014
Dp1m,0.02261530043266764,0.022985431514336834,0.03212353060907006,0.04678986298073198,0.04767440364052851,0.03434663801872227,0.05207747998671972,0.034954839293639704,0.04480489133688785,0.04603518281024121,0.03594915423178851,0.04893352251577707,0.031037650734455923,0.03361232221891513,0.040445113905005776,0.033983599098900565,0.04060910295970171,0.03727141085009621,0.040551428471499985,0.03403962831026365,0.02811568189859465,0.0437140480874693,0.021904775156938262,0.0745788853681223,0.13560672613800198,0.08956393153984812,0.04490213027030592,0.04676736163559075,0.010935730436429383,-0.0083888168448254,0.03957652664315282,0.05627668721657627,0.038746878932299236,0.017331799153058523,0.0574181869065925,0.045000786029483104,0.07357115339772899,0.04363933253363543,0.049508974670153034,0.05208421426114715,0.04181941710760152,0.04154586495445214,0.0393253580498209,0.03143979895361193,0.12119280726882123,0.15800204069733456,0.17032893909069746,0.18526208045271872,0.14994837016817825,0.11013442045258436,0.13929238897312146,0.10869089683286397,0.08953127499128996,0.07943412578854353,0.08050493100099564,0.005336549569339398,0.1627522452165403,0.06892353695230295,0.03795561805261293,0.04163985356709608,0.008397665120439326,0.02161926942729677,0.019964186332736958,0.029729600153454327,0.030858550966049808,0.05081565165138384,0.047765570084636305,0.05719891107798984,0.03896343723416735,0.04628667969767757,0.05067359127428189,0.10156856219391369,0.05363873001189351,0.025125074839439997,0.015904378169269796,0.029173572318237917,0.04203060655344082,0.002087840261707871,0.05297885842764741,0.022303201422766317,0.011410875059068439,0.0416854160816653,0.021754873934524858,0.031593822038945084
